https://github.com/flatiron/flatiron,2011-12-24,2012-03-07,2012-04-26,2.0894158263575626,9.696199802512758,0.7953260242264271,0.5632647188181685,6.0,7.0,376.0,0.0,0.0,0.0,0.0,0.0,0.0,0.0,0.0,0.0,0.0,0.0,0.0,52.0,7.0,0.0,0.0,0.0,0.0,0.0,0.0,0.0,1.0,0.0,0.0,0.0,0.0,4.0,0.0,0.0,0.0,8.0,0.0,0.0,0.0,0.0,0.0,0.0,0.0,1.0,0.0,0.0,6.0,0.0,0.0,2.0,0.0,0.0,0.0,0.0,1.0,1.0,0.0,1.0,0.0,0.0
https://github.com/sous-chefs/iis,2016-06-27,2016-07-19,2016-09-21,0.8838797821195417,-0.3921335112941713,0.22096994552988541,0.26665078768003647,5.0,6.0,-54.0,0.0,0.0,0.0,0.0,0.0,0.0,0.0,0.0,0.0,0.0,0.0,0.0,0.0,4.0,0.0,0.0,0.0,0.0,0.0,0.0,0.0,0.0,0.0,0.0,0.0,0.0,0.0,0.0,0.0,0.0,0.0,0.0,0.0,0.0,0.0,0.0,0.0,0.0,0.0,0.0,0.0,0.0,0.0,0.0,0.0,0.0,0.0,0.0,0.0,0.0,0.0,0.0,0.0,0.0,1.0
https://github.com/sous-chefs/iis,2017-04-23,2018-01-26,2018-05-30,6.113992860903543,-1.142498595483253,0.21616945884161023,0.2976932960061997,5.0,6.0,248.0,0.0,0.0,0.0,0.0,0.0,0.0,0.0,0.0,0.0,0.0,0.0,0.0,0.0,5.0,0.0,0.0,0.0,0.0,0.0,0.0,0.0,0.0,0.0,0.0,0.0,0.0,0.0,0.0,0.0,0.0,0.0,0.0,0.0,0.0,0.0,0.0,0.0,0.0,0.0,0.0,0.0,0.0,0.0,0.0,0.0,0.0,0.0,0.0,0.0,0.0,0.0,0.0,0.0,0.0,0.0
https://github.com/seomoz/qless,2014-01-03,2014-01-20,2014-03-10,26.51792455216915,0.3890996169445109,0.3451356774685789,0.04095785441521167,5.0,6.0,19.0,0.0,0.0,0.0,0.0,0.0,0.0,0.0,0.0,0.0,0.0,0.0,0.0,0.0,1.0,0.0,0.0,0.0,0.0,0.0,0.0,0.0,0.0,0.0,0.0,0.0,0.0,0.0,216.0,0.0,0.0,0.0,0.0,0.0,0.0,0.0,0.0,0.0,0.0,0.0,0.0,19.0,1.0,0.0,0.0,0.0,0.0,0.0,0.0,0.0,0.0,0.0,0.0,0.0,0.0,1.0
https://github.com/Kunstmaan/KunstmaanFormBundle,2012-06-25,2012-08-06,2012-08-23,2.2302131603336424,3.7630021810658976,0.47451343836886006,0.7055629089498558,6.0,7.0,1.0,0.0,9.0,0.0,0.0,0.0,0.0,0.0,0.0,0.0,0.0,1.0,0.0,0.0,2.0,0.0,5.0,0.0,0.0,0.0,0.0,0.0,0.0,0.0,0.0,1.0,0.0,0.0,0.0,0.0,-12.0,0.0,0.0,0.0,0.0,0.0,2.0,10.0,3.0,0.0,0.0,0.0,0.0,0.0,1.0,0.0,0.0,0.0,0.0,0.0,3.0,2.0,2.0,0.0,0.0,0.0
https://github.com/Kunstmaan/KunstmaanFormBundle,2012-08-23,2012-09-25,2012-10-31,131.86049832100898,2.2049077699712103,1.7057491120296842,0.4409815539942421,6.0,7.0,30.0,0.0,-56.0,0.0,0.0,0.0,0.0,22.0,87.0,0.0,0.0,0.0,0.0,0.0,3.0,0.0,5.0,0.0,0.0,0.0,0.0,1.0,3.0,0.0,0.0,0.0,0.0,0.0,-17.0,0.0,74.0,0.0,0.0,0.0,-165.0,114.0,70.0,1407.0,1411.0,0.0,0.0,1229.0,1.0,0.0,5.0,0.0,0.0,0.0,3.0,3.0,12.0,6.0,3.0,0.0,0.0,7.0
https://github.com/Kunstmaan/KunstmaanFormBundle,2013-02-21,2013-03-08,2013-06-07,1.5444411543205416,6.975548345673303,0.20144884621572282,0.18704151715527784,6.0,7.0,0.0,0.0,0.0,0.0,0.0,0.0,0.0,0.0,0.0,0.0,0.0,0.0,0.0,0.0,4.0,0.0,0.0,0.0,0.0,0.0,0.0,0.0,0.0,0.0,1.0,0.0,0.0,0.0,0.0,0.0,0.0,0.0,0.0,0.0,0.0,0.0,0.0,0.0,0.0,0.0,0.0,0.0,0.0,0.0,0.0,0.0,0.0,0.0,0.0,0.0,0.0,0.0,0.0,0.0,0.0,0.0
https://github.com/Kunstmaan/KunstmaanFormBundle,2013-03-08,2013-06-07,2013-06-26,6.964545903487698,0.7882401383312787,0.17603907496967325,0.47294408299876717,7.0,8.0,1.0,0.0,0.0,0.0,0.0,0.0,0.0,0.0,0.0,0.0,-17.0,0.0,13.0,0.0,1.0,0.0,0.0,0.0,0.0,0.0,0.0,1.0,0.0,0.0,2.0,2.0,1.0,0.0,0.0,0.0,0.0,0.0,-24.0,0.0,0.0,0.0,0.0,0.0,8.0,-2.0,28.0,0.0,0.0,0.0,0.0,0.0,1.0,2.0,0.0,0.0,0.0,0.0,1.0,1.0,1.0,0.0
https://github.com/Kunstmaan/KunstmaanFormBundle,2013-08-08,2014-03-24,2015-03-17,0.5088853099428068,0.05864437249648745,0.03070859628965213,0.09215544249448028,5.0,6.0,69.0,0.0,0.0,0.0,0.0,0.0,0.0,0.0,0.0,5.0,-2.0,1.0,0.0,0.0,1.0,0.0,0.0,0.0,0.0,0.0,0.0,0.0,0.0,1.0,6.0,2.0,2.0,0.0,0.0,0.0,0.0,0.0,0.0,0.0,0.0,0.0,0.0,0.0,0.0,0.0,0.0,0.0,0.0,0.0,0.0,0.0,0.0,0.0,0.0,0.0,0.0,0.0,0.0,0.0,0.0,0.0
https://github.com/Kunstmaan/KunstmaanFormBundle,2014-03-24,2015-03-17,2015-04-08,0.05026660499698924,2.4493755814222085,0.08936285332798087,0.36287045650699384,6.0,7.0,3.0,0.0,51.0,0.0,0.0,0.0,0.0,0.0,0.0,0.0,0.0,0.0,0.0,0.0,1.0,0.0,1.0,0.0,0.0,0.0,0.0,0.0,0.0,0.0,0.0,0.0,0.0,0.0,0.0,0.0,0.0,0.0,0.0,0.0,0.0,0.0,0.0,0.0,0.0,0.0,0.0,0.0,0.0,0.0,0.0,0.0,0.0,0.0,0.0,0.0,0.0,0.0,0.0,0.0,0.0,0.0
https://github.com/Kunstmaan/KunstmaanFormBundle,2015-03-17,2015-04-08,2015-04-30,2.4493755814222085,6.936954782071293,0.31751164944361965,0.3194650228585464,7.0,8.0,0.0,0.0,0.0,0.0,32.0,0.0,0.0,-7.0,122.0,0.0,0.0,0.0,0.0,0.0,1.0,0.0,1.0,0.0,1.0,0.0,0.0,1.0,2.0,0.0,0.0,0.0,0.0,0.0,0.0,0.0,0.0,0.0,0.0,0.0,0.0,0.0,0.0,0.0,0.0,0.0,0.0,0.0,0.0,0.0,0.0,0.0,0.0,0.0,0.0,0.0,4.0,1.0,0.0,0.0,0.0,0.0
https://github.com/Kunstmaan/KunstmaanFormBundle,2017-06-28,2017-07-13,2017-11-24,6.976419999009724,6.6251217592354195,0.13163056601905138,0.08225320468576706,5.0,6.0,-26.0,0.0,0.0,0.0,0.0,0.0,106.0,0.0,0.0,0.0,0.0,0.0,0.0,0.0,1.0,0.0,0.0,0.0,0.0,0.0,1.0,0.0,0.0,0.0,0.0,0.0,0.0,0.0,0.0,0.0,0.0,0.0,0.0,0.0,0.0,0.0,106.0,0.0,0.0,0.0,0.0,0.0,0.0,0.0,0.0,0.0,0.0,0.0,0.0,0.0,1.0,0.0,0.0,0.0,0.0,0.0
https://github.com/exoplatform/webos,2011-03-25,2011-07-01,2011-08-22,3.397095992642278,111.1903696654458,0.45021754119355495,0.66878551955501,6.0,7.0,0.0,0.0,0.0,104.0,0.0,0.0,0.0,0.0,0.0,0.0,0.0,5561.0,0.0,132.0,2.0,0.0,0.0,5.0,0.0,1.0,1.0,0.0,0.0,0.0,0.0,2.0,0.0,2.0,0.0,0.0,0.0,0.0,0.0,5.0,0.0,0.0,0.0,-29.0,27.0,0.0,227.0,0.0,1.0,0.0,0.0,0.0,0.0,1.0,0.0,0.0,0.0,1.0,2.0,0.0,3.0,1.0
https://github.com/mozilla-services/mozservices,2012-02-15,2012-03-05,2012-03-21,86.37164148385855,25.213234862841052,0.7776558356890025,1.68922417195213,5.0,6.0,286.0,-76.0,0.0,0.0,0.0,0.0,20.0,7.0,10.0,-20.0,0.0,0.0,0.0,110.0,8.0,5.0,0.0,0.0,0.0,0.0,3.0,1.0,2.0,1.0,0.0,0.0,0.0,2.0,635.0,0.0,4.0,0.0,0.0,0.0,0.0,199.0,0.0,0.0,476.0,0.0,0.0,0.0,6.0,0.0,1.0,0.0,0.0,0.0,0.0,1.0,0.0,0.0,4.0,0.0,0.0,0.0
https://github.com/OP-DSL/OP2-Common,2017-08-22,2017-12-04,2017-12-21,7026.758415077263,20.798462712641506,0.3929032515672208,0.42077814736557956,6.0,7.0,56.0,0.0,0.0,0.0,0.0,0.0,0.0,287.0,0.0,0.0,0.0,0.0,0.0,0.0,4.0,0.0,0.0,0.0,0.0,0.0,0.0,2.0,0.0,0.0,0.0,0.0,0.0,0.0,0.0,0.0,0.0,0.0,0.0,0.0,0.0,0.0,0.0,0.0,0.0,0.0,0.0,0.0,0.0,0.0,0.0,0.0,0.0,0.0,0.0,0.0,0.0,0.0,0.0,0.0,0.0,0.0
https://github.com/OP-DSL/OP2-Common,2017-12-30,2018-02-12,2018-06-11,416.2480719025887,43.44534683579775,0.8494390083501067,0.27741804287564353,7.0,8.0,-5.0,63.0,-14.0,97.0,0.0,0.0,0.0,-46.0,0.0,390.0,0.0,0.0,0.0,0.0,1.0,1.0,1.0,5.0,0.0,0.0,0.0,1.0,1.0,2.0,0.0,0.0,0.0,0.0,67.0,51.0,0.0,0.0,0.0,0.0,0.0,0.0,0.0,0.0,0.0,0.0,0.0,0.0,2.0,3.0,0.0,0.0,0.0,0.0,0.0,0.0,0.0,0.0,0.0,0.0,0.0,0.0
https://github.com/OP-DSL/OP2-Common,2018-12-06,2019-03-27,2019-09-02,0.7904070827260936,-4508.472037945336,0.0988008853407617,0.7549223954631261,6.0,7.0,46.0,0.0,0.0,0.0,0.0,0.0,0.0,0.0,0.0,0.0,0.0,0.0,0.0,0.0,2.0,0.0,0.0,0.0,0.0,0.0,0.0,0.0,0.0,0.0,0.0,0.0,0.0,0.0,0.0,0.0,0.0,0.0,0.0,0.0,0.0,0.0,0.0,0.0,0.0,-210.0,0.0,46.0,0.0,0.0,0.0,0.0,0.0,0.0,0.0,0.0,0.0,0.0,0.0,1.0,0.0,3.0
https://github.com/OP-DSL/OP2-Common,2019-09-02,2019-10-10,2019-11-15,-7.555465729897849,14.376432457088525,0.10567084936920068,0.3052910367335401,6.0,7.0,610.0,0.0,0.0,0.0,0.0,0.0,0.0,0.0,0.0,0.0,0.0,0.0,0.0,0.0,3.0,0.0,0.0,0.0,0.0,0.0,0.0,0.0,0.0,0.0,0.0,0.0,0.0,0.0,0.0,0.0,0.0,0.0,0.0,0.0,0.0,0.0,0.0,0.0,0.0,0.0,0.0,0.0,0.0,0.0,0.0,0.0,0.0,0.0,0.0,0.0,0.0,0.0,0.0,0.0,0.0,0.0
https://github.com/crowdfavorite/wp-social,2012-08-24,2012-09-12,2013-01-25,0.7441356866460372,9.282768258522498,0.5315254904614551,0.6455642194176318,5.0,6.0,148.0,0.0,1.0,0.0,0.0,0.0,0.0,0.0,0.0,0.0,0.0,0.0,0.0,0.0,31.0,0.0,1.0,0.0,0.0,0.0,0.0,0.0,0.0,0.0,0.0,0.0,0.0,0.0,0.0,0.0,0.0,0.0,0.0,8.0,0.0,0.0,0.0,0.0,0.0,0.0,0.0,6.0,0.0,0.0,0.0,0.0,0.0,1.0,0.0,0.0,0.0,0.0,0.0,0.0,0.0,3.0
https://github.com/Sage-Bionetworks/Synapse-Stack-Builder,2012-10-04,2013-06-21,2013-11-05,10.657254678695994,1.7332947055328425,0.3272639623154478,0.1820687715895843,5.0,6.0,4.0,0.0,0.0,0.0,0.0,0.0,0.0,0.0,0.0,0.0,0.0,0.0,0.0,0.0,1.0,0.0,0.0,1.0,0.0,0.0,0.0,0.0,0.0,0.0,0.0,0.0,0.0,0.0,0.0,0.0,0.0,-40.0,0.0,0.0,0.0,0.0,0.0,0.0,0.0,0.0,0.0,0.0,0.0,0.0,0.0,4.0,0.0,0.0,0.0,0.0,0.0,0.0,0.0,0.0,0.0,0.0
https://github.com/CyanogenMod/android_vendor_cm,2013-04-24,2013-06-02,2013-08-14,0.25626720126852265,1.971050512446835,0.3587740817759317,0.7254560913866823,30.0,31.0,6.0,0.0,0.0,6.0,0.0,0.0,0.0,0.0,3.0,1.0,0.0,0.0,0.0,0.0,1.0,0.0,0.0,2.0,0.0,0.0,0.0,0.0,2.0,1.0,1.0,0.0,0.0,0.0,0.0,0.0,0.0,1.0,0.0,0.0,0.0,0.0,0.0,0.0,0.0,0.0,1.0,0.0,0.0,0.0,0.0,1.0,1.0,1.0,0.0,0.0,0.0,0.0,0.0,0.0,2.0,0.0
https://github.com/CyanogenMod/android_vendor_cm,2014-04-28,2014-05-16,2014-06-16,4.631158734088687,2.9869621510945166,0.9372583152322344,0.5460038340710407,26.0,27.0,0.0,0.0,2.0,10.0,0.0,0.0,3.0,0.0,15.0,1.0,0.0,0.0,0.0,0.0,1.0,0.0,3.0,1.0,0.0,0.0,1.0,0.0,1.0,1.0,0.0,0.0,0.0,0.0,1.0,1.0,1.0,7.0,1.0,-1.0,0.0,0.0,7.0,0.0,0.0,0.0,0.0,27.0,2.0,1.0,3.0,2.0,1.0,1.0,1.0,1.0,1.0,0.0,0.0,0.0,0.0,1.0
https://github.com/CyanogenMod/android_vendor_cm,2014-05-16,2014-06-16,2014-07-07,2.9548442785021027,1.0523518469306405,0.5138859614786265,0.4783417486048366,27.0,28.0,0.0,1.0,0.0,0.0,0.0,0.0,4.0,-2.0,0.0,0.0,1.0,0.0,0.0,2.0,2.0,1.0,0.0,0.0,0.0,0.0,2.0,1.0,0.0,0.0,1.0,0.0,0.0,2.0,0.0,3.0,0.0,0.0,48.0,0.0,0.0,0.0,8.0,0.0,0.0,0.0,1.0,0.0,0.0,1.0,0.0,0.0,2.0,0.0,0.0,1.0,2.0,0.0,0.0,0.0,1.0,0.0
https://github.com/CyanogenMod/android_vendor_cm,2015-08-24,2015-09-14,2015-10-02,0.23159552698972458,10.917048123919523,0.6947865809691737,1.3232785604750938,28.0,29.0,16.0,87.0,0.0,8.0,0.0,-9.0,-23.0,4.0,-16.0,0.0,0.0,66.0,0.0,0.0,2.0,3.0,0.0,2.0,2.0,3.0,1.0,2.0,1.0,0.0,0.0,3.0,0.0,0.0,-12.0,1.0,-5.0,-7.0,0.0,0.0,0.0,7.0,0.0,17.0,0.0,2.0,0.0,0.0,3.0,1.0,2.0,1.0,0.0,0.0,0.0,1.0,1.0,3.0,0.0,1.0,0.0,0.0
https://github.com/CyanogenMod/android_vendor_cm,2015-09-14,2015-10-02,2015-10-23,10.861911517233061,-0.8618315360961225,1.2681419537886316,0.6224338871805329,29.0,30.0,1.0,0.0,0.0,0.0,-33.0,1.0,0.0,-1.0,0.0,2.0,0.0,0.0,0.0,8.0,1.0,0.0,2.0,0.0,2.0,1.0,0.0,1.0,0.0,1.0,0.0,0.0,0.0,1.0,0.0,-9.0,-23.0,-12.0,0.0,0.0,30.0,36.0,0.0,0.0,0.0,51.0,13.0,0.0,3.0,2.0,1.0,3.0,0.0,0.0,1.0,2.0,0.0,0.0,1.0,1.0,2.0,0.0
https://github.com/datamapper/dm-core,2009-04-26,2009-06-09,2009-09-19,24.33624067101561,51.35856075835901,3.6845523258920827,2.7384735432825207,5.0,6.0,130.0,24.0,202.0,95.0,-44.0,180.0,75.0,192.0,-18.0,0.0,7.0,0.0,2.0,429.0,10.0,1.0,11.0,8.0,9.0,10.0,4.0,3.0,2.0,0.0,1.0,0.0,1.0,4.0,-141.0,-89.0,59.0,-28.0,72.0,-12.0,0.0,363.0,20.0,-19.0,0.0,37.0,0.0,57.0,8.0,4.0,7.0,12.0,4.0,3.0,1.0,6.0,1.0,1.0,0.0,5.0,7.0,7.0
https://github.com/datamapper/dm-core,2009-06-09,2009-09-19,2009-10-09,51.34881530090961,19.277709912429174,2.7287280858331164,3.1027448671719777,6.0,7.0,1.0,20.0,0.0,-1.0,0.0,0.0,0.0,1.0,28.0,78.0,-23.0,0.0,95.0,25.0,1.0,6.0,0.0,1.0,0.0,0.0,0.0,1.0,7.0,1.0,6.0,0.0,2.0,5.0,0.0,76.0,-3.0,449.0,60.0,0.0,0.0,0.0,0.0,17.0,22.0,0.0,5.0,-329.0,0.0,3.0,1.0,4.0,2.0,0.0,0.0,0.0,1.0,1.0,4.0,0.0,2.0,10.0
https://github.com/datamapper/dm-core,2009-10-09,2009-11-04,2009-11-28,149.4550782997962,98.6636240434817,4.385554421152321,3.305314038307595,6.0,7.0,134.0,30.0,72.0,0.0,150.0,315.0,106.0,-13.0,91.0,0.0,0.0,0.0,-16.0,0.0,18.0,2.0,2.0,0.0,3.0,5.0,3.0,4.0,1.0,0.0,0.0,0.0,2.0,0.0,26.0,216.0,-454.0,2.0,67.0,332.0,13.0,-2.0,1412.0,0.0,0.0,0.0,47.0,1650.0,8.0,9.0,15.0,1.0,4.0,10.0,1.0,1.0,5.0,0.0,0.0,0.0,9.0,11.0
https://github.com/datamapper/dm-core,2011-07-01,2011-09-13,2011-10-10,-3.216921654112136,2.488859737951787,0.43619276665927265,0.5743522472196432,8.0,9.0,58.0,0.0,0.0,0.0,0.0,0.0,0.0,7.0,0.0,0.0,0.0,0.0,0.0,0.0,10.0,0.0,0.0,0.0,0.0,0.0,0.0,4.0,0.0,0.0,0.0,0.0,0.0,0.0,0.0,0.0,-144.0,0.0,0.0,0.0,0.0,0.0,0.0,0.0,0.0,13.0,-254.0,-215.0,0.0,0.0,1.0,0.0,0.0,0.0,2.0,0.0,0.0,0.0,1.0,2.0,7.0,4.0
Repo,StartPeriod,MidPeriod,EndPeriod,PrePeriodAvgChurn,PostPeriodAvgChurn,PrePeriodAvgCommits,PostPeriodAvgCommits,PrePeriodCommitters,PostPeriodCommitters,Day1Churn,Day2Churn,Day3Churn,Day4Churn,Day5Churn,Day6Churn,Day7Churn,Day8Churn,Day9Churn,Day10Churn,Day11Churn,Day12Churn,Day13Churn,Day14Churn,Day1Commits,Day2Commits,Day3Commits,Day4Commits,Day5Commits,Day6Commits,Day7Commits,Day8Commits,Day9Commits,Day10Commits,Day11Commits,Day12Commits,Day13Commits,Day14Commits,Day1Churn_Prior,Day2Churn_Prior,Day3Churn_Prior,Day4Churn_Prior,Day5Churn_Prior,Day6Churn_Prior,Day7Churn_Prior,Day8Churn_Prior,Day9Churn_Prior,Day10Churn_Prior,Day11Churn_Prior,Day12Churn_Prior,Day13Churn_Prior,Day14Churn_Prior,Day1Commits_Prior,Day2Commits_Prior,Day3Commits_Prior,Day4Commits_Prior,Day5Commits_Prior,Day6Commits_Prior,Day7Commits_Prior,Day8Commits_Prior,Day9Commits_Prior,Day10Commits_Prior,Day11Commits_Prior,Day12Commits_Prior,Day13Commits_Prior,Day14Commits_Prior
https://github.com/exoplatform/cs,2007-09-07,2007-10-05,2007-10-22,282.07247744917254,422.3160081810213,7.669644401941247,8.999123462000453,13.0,14.0,403.0,195.0,219.0,1040.0,1376.0,466.0,460.0,59.0,0.0,241.0,-58.0,847.0,390.0,0.0,9.0,5.0,7.0,13.0,17.0,16.0,13.0,3.0,0.0,8.0,10.0,19.0,9.0,2.0,20.0,115.0,5.0,698.0,29.0,379.0,310.0,664.0,0.0,0.0,583.0,1252.0,607.0,518.0,6.0,3.0,3.0,8.0,5.0,3.0,12.0,9.0,0.0,0.0,8.0,24.0,13.0,27.0
https://github.com/exoplatform/cs,2009-04-29,2009-07-27,2009-10-06,247.623988795078,109.87468763068803,2.4728677955023675,2.391026228522397,10.0,11.0,20.0,4.0,15.0,23.0,1.0,0.0,0.0,25.0,-75.0,118.0,543.0,11.0,0.0,-1.0,3.0,1.0,1.0,1.0,4.0,0.0,1.0,3.0,8.0,5.0,5.0,2.0,0.0,1.0,89.0,45.0,0.0,292.0,5.0,0.0,0.0,-34.0,16.0,572.0,64.0,42.0,10.0,0.0,4.0,3.0,0.0,5.0,1.0,0.0,0.0,3.0,4.0,4.0,5.0,2.0,2.0,0.0
https://github.com/exoplatform/cs,2009-07-27,2009-10-06,2009-11-25,109.87468763068803,41.71946884935493,2.376961368354618,1.5599801391417472,11.0,12.0,0.0,15.0,2.0,0.0,0.0,0.0,55.0,0.0,43.0,6.0,0.0,0.0,0.0,11.0,3.0,5.0,3.0,0.0,0.0,0.0,3.0,0.0,4.0,2.0,0.0,0.0,0.0,3.0,1474.0,5.0,0.0,0.0,0.0,0.0,0.0,1.0,43.0,227.0,0.0,0.0,0.0,425.0,8.0,1.0,0.0,0.0,0.0,0.0,0.0,1.0,2.0,1.0,0.0,0.0,0.0,5.0
https://github.com/exoplatform/cs,2009-11-26,2009-12-28,2010-03-11,1332.585224808651,81.99759813015724,1.399284450271597,2.7961552864810884,12.0,13.0,-209.0,12.0,92.0,0.0,0.0,0.0,13.0,24.0,-1312.0,-126.0,-274.0,0.0,0.0,25.0,12.0,2.0,7.0,0.0,0.0,0.0,4.0,5.0,9.0,10.0,4.0,0.0,0.0,1.0,-409.0,-48.0,625.0,0.0,0.0,0.0,7.0,1441.0,4276.0,476.0,1133.0,0.0,0.0,-634.0,4.0,2.0,3.0,0.0,0.0,0.0,1.0,2.0,2.0,1.0,5.0,0.0,0.0,4.0
https://github.com/exoplatform/cs,2009-12-28,2010-03-11,2010-04-13,81.99759813015724,54.53209914533378,2.782381122508275,3.2592510833957102,13.0,14.0,67.0,0.0,0.0,0.0,72.0,2987.0,173.0,10.0,75.0,0.0,29.0,-2658.0,77.0,0.0,5.0,0.0,0.0,0.0,2.0,7.0,7.0,1.0,12.0,0.0,1.0,6.0,6.0,0.0,127.0,-14.0,0.0,16.0,-865.0,935.0,2002.0,0.0,42.0,0.0,0.0,-835.0,92.0,20.0,5.0,2.0,0.0,1.0,7.0,12.0,7.0,0.0,5.0,0.0,0.0,2.0,6.0,5.0
https://github.com/exoplatform/cs,2010-04-26,2010-05-31,2010-06-17,80.89452052335912,-343.35098420839824,1.6942764326866129,5.056972342327857,14.0,15.0,-7095.0,41.0,67.0,206.0,37.0,0.0,0.0,241.0,177.0,199.0,352.0,-56.0,93.0,-32.0,10.0,6.0,4.0,7.0,1.0,0.0,2.0,9.0,2.0,14.0,9.0,10.0,2.0,2.0,26.0,0.0,4.0,-77.0,-2.0,0.0,18.0,0.0,25.0,0.0,145.0,3.0,0.0,2427.0,2.0,0.0,1.0,1.0,3.0,0.0,3.0,0.0,2.0,0.0,2.0,1.0,0.0,3.0
https://github.com/exoplatform/cs,2010-11-05,2010-12-20,2011-01-11,19.89409267920796,199.1040193290212,1.5577030062019657,1.8120957390582138,19.0,20.0,-22.0,1081.0,0.0,841.0,280.0,0.0,0.0,-6.0,1.0,-81.0,28.0,0.0,0.0,-20.0,4.0,4.0,0.0,3.0,2.0,0.0,0.0,3.0,3.0,1.0,1.0,0.0,0.0,1.0,0.0,-365.0,3.0,-12.0,-484.0,0.0,0.0,0.0,32.0,332.0,155.0,-8.0,0.0,0.0,2.0,3.0,1.0,2.0,5.0,0.0,0.0,1.0,2.0,5.0,2.0,1.0,0.0,0.0
https://github.com/omeka/Omeka,2008-08-19,2009-03-05,2009-06-15,13.469280781582048,515.294635401847,1.8895390143704747,1.6382851507245502,5.0,6.0,79.0,2.0,0.0,0.0,3.0,1426.0,0.0,0.0,0.0,0.0,0.0,0.0,0.0,0.0,6.0,1.0,0.0,0.0,3.0,4.0,0.0,0.0,0.0,0.0,0.0,0.0,0.0,0.0,23.0,0.0,0.0,0.0,-34.0,33.0,79.0,-436.0,117.0,0.0,114.0,128.0,5.0,50.0,2.0,0.0,0.0,0.0,1.0,7.0,8.0,2.0,20.0,0.0,5.0,6.0,3.0,3.0
https://github.com/omeka/Omeka,2009-03-05,2009-06-15,2009-07-02,515.294635401847,31.833621959573463,1.6284750600016487,2.095082980886005,6.0,7.0,33.0,0.0,223.0,2.0,21.0,0.0,0.0,64.0,0.0,4.0,15.0,0.0,0.0,0.0,6.0,0.0,10.0,1.0,1.0,0.0,0.0,1.0,0.0,3.0,1.0,0.0,0.0,0.0,0.0,0.0,902.0,0.0,0.0,0.0,1237.0,3.0,0.0,0.0,83.0,0.0,0.0,0.0,0.0,0.0,1.0,1.0,0.0,0.0,21.0,9.0,0.0,0.0,24.0,0.0,0.0,0.0
https://github.com/omeka/Omeka,2009-07-02,2011-05-16,2011-10-17,3035.5077266264902,37.95633094011534,1.971340014503184,1.17724134817672,6.0,7.0,426.0,-413.0,132.0,12.0,0.0,0.0,-176.0,1.0,178.0,4.0,0.0,641.0,0.0,0.0,5.0,9.0,2.0,2.0,0.0,0.0,1.0,2.0,2.0,6.0,1.0,3.0,1.0,0.0,0.0,123.0,0.0,0.0,-3.0,0.0,0.0,14.0,0.0,-27.0,0.0,325.0,-223.0,51.0,0.0,3.0,0.0,0.0,2.0,0.0,0.0,1.0,6.0,6.0,0.0,6.0,1.0,1.0
https://github.com/omeka/Omeka,2011-10-17,2012-02-22,2012-07-06,703.1773404974635,344.4707279288305,1.2371473726251239,1.2393435931687677,6.0,7.0,1428.0,30.0,-653.0,0.0,218.0,-340.0,-260.0,0.0,-147.0,-255.0,0.0,-28.0,-174.0,-328.0,1.0,2.0,4.0,0.0,3.0,6.0,4.0,0.0,1.0,1.0,0.0,1.0,6.0,1.0,0.0,0.0,0.0,0.0,0.0,0.0,-9556.0,-151.0,-45.0,0.0,0.0,-123.0,-567.0,0.0,0.0,0.0,0.0,0.0,0.0,0.0,2.0,1.0,2.0,0.0,0.0,2.0,9.0,6.0
https://github.com/omeka/Omeka,2012-07-09,2012-08-21,2012-11-29,289.8177153450507,801.1924717255579,3.959194397648822,7.3222012880264895,7.0,8.0,719.0,26.0,663.0,115.0,0.0,0.0,318.0,-53.0,-10.0,296.0,2998.0,0.0,0.0,0.0,4.0,2.0,4.0,5.0,0.0,0.0,7.0,8.0,6.0,4.0,12.0,0.0,0.0,0.0,42.0,46.0,41.0,27.0,0.0,0.0,72.0,-35.0,412.0,40.0,30.0,125.0,138.0,36.0,5.0,14.0,4.0,10.0,0.0,0.0,10.0,3.0,2.0,2.0,2.0,1.0,3.0,3.0
https://github.com/omeka/Omeka,2012-08-21,2012-11-29,2012-12-19,801.1924717255579,92.81956095569306,7.312225536952884,4.603449923409036,8.0,9.0,73.0,-2.0,0.0,0.0,0.0,51.0,128.0,8.0,0.0,0.0,0.0,52.0,-4.0,494.0,5.0,1.0,0.0,1.0,0.0,5.0,10.0,3.0,0.0,0.0,0.0,7.0,3.0,8.0,26.0,35.0,0.0,35.0,-155.0,0.0,0.0,0.0,0.0,0.0,261.0,185.0,9.0,8.0,13.0,1.0,0.0,1.0,6.0,1.0,0.0,0.0,0.0,0.0,1.0,9.0,6.0,1.0
https://github.com/omeka/Omeka,2014-07-31,2014-08-26,2014-11-24,-0.5436133298518591,2.253135231662798,0.1553180942433883,0.18868620166634273,5.0,6.0,0.0,0.0,0.0,0.0,0.0,0.0,0.0,0.0,0.0,0.0,0.0,0.0,0.0,0.0,1.0,0.0,0.0,0.0,0.0,0.0,0.0,0.0,0.0,0.0,0.0,0.0,0.0,0.0,5.0,0.0,0.0,2.0,0.0,0.0,0.0,0.0,0.0,0.0,0.0,0.0,0.0,-23.0,1.0,0.0,0.0,1.0,0.0,0.0,0.0,0.0,0.0,0.0,0.0,0.0,0.0,1.0
https://github.com/omeka/Omeka,2014-08-26,2014-11-24,2015-09-14,2.253135231662798,96.30940446595748,0.17758701333302845,0.4188401778210505,6.0,7.0,0.0,-5.0,0.0,0.0,0.0,0.0,0.0,0.0,0.0,0.0,0.0,0.0,0.0,0.0,1.0,1.0,0.0,0.0,0.0,0.0,0.0,0.0,0.0,1.0,1.0,0.0,0.0,0.0,0.0,0.0,-1.0,-15.0,0.0,0.0,244.0,0.0,0.0,0.0,0.0,0.0,0.0,0.0,0.0,0.0,1.0,2.0,0.0,0.0,2.0,0.0,0.0,0.0,0.0,0.0,0.0,0.0
https://github.com/omeka/Omeka,2014-11-24,2015-09-14,2016-03-09,96.15617025455954,-164.5566989637359,0.41202976842558625,0.28724344207654895,7.0,8.0,45.0,0.0,0.0,0.0,0.0,0.0,0.0,0.0,0.0,0.0,0.0,0.0,0.0,0.0,2.0,0.0,0.0,0.0,0.0,0.0,0.0,0.0,0.0,0.0,0.0,0.0,0.0,0.0,0.0,0.0,0.0,0.0,0.0,0.0,0.0,0.0,0.0,0.0,0.0,0.0,0.0,0.0,0.0,0.0,0.0,0.0,0.0,0.0,0.0,0.0,0.0,0.0,0.0,0.0,0.0,0.0
https://github.com/omeka/Omeka,2016-03-10,2016-07-20,2017-03-31,-7.091204634050345,107.62336359815616,0.483319591671163,0.44976221453095067,8.0,9.0,0.0,0.0,0.0,0.0,0.0,1.0,2.0,1.0,0.0,0.0,5.0,51.0,51.0,0.0,2.0,0.0,0.0,0.0,1.0,1.0,1.0,2.0,0.0,0.0,2.0,2.0,2.0,0.0,0.0,0.0,0.0,0.0,0.0,0.0,18.0,88.0,0.0,0.0,0.0,0.0,0.0,0.0,0.0,0.0,0.0,0.0,0.0,0.0,2.0,5.0,0.0,0.0,0.0,0.0,0.0,0.0
https://github.com/xively/xively-rb,2012-05-21,2012-08-06,2012-09-11,17.884918985476308,-7.2375354361836175,0.41653377549872045,0.7794268931274665,5.0,6.0,42.0,0.0,0.0,0.0,0.0,0.0,0.0,0.0,0.0,0.0,0.0,0.0,0.0,0.0,12.0,0.0,0.0,0.0,0.0,0.0,0.0,0.0,0.0,0.0,0.0,0.0,0.0,0.0,0.0,0.0,0.0,0.0,0.0,0.0,0.0,49.0,301.0,394.0,104.0,24.0,0.0,0.0,0.0,0.0,0.0,0.0,0.0,0.0,0.0,2.0,2.0,1.0,4.0,3.0,0.0,0.0
https://github.com/xively/xively-rb,2012-09-11,2012-11-27,2013-01-03,10.015577264221575,0.4027470080651953,0.1297354567904349,0.13424900268839843,5.0,6.0,13.0,0.0,0.0,0.0,0.0,0.0,0.0,0.0,0.0,0.0,0.0,0.0,0.0,0.0,1.0,0.0,0.0,0.0,0.0,0.0,0.0,0.0,0.0,0.0,0.0,0.0,0.0,0.0,0.0,0.0,0.0,0.0,0.0,0.0,0.0,0.0,0.0,0.0,0.0,0.0,0.0,13.0,0.0,0.0,0.0,0.0,0.0,0.0,0.0,0.0,0.0,0.0,0.0,0.0,0.0,2.0
https://github.com/swagger-api/swagger-core,2017-01-12,2017-02-06,2017-03-05,6.422286106206313,2.1834554930764725,0.3940052825893443,0.22204632132981075,10.0,11.0,10.0,0.0,46.0,0.0,0.0,0.0,0.0,0.0,0.0,0.0,0.0,0.0,0.0,0.0,2.0,0.0,2.0,0.0,0.0,0.0,0.0,0.0,0.0,0.0,0.0,0.0,0.0,0.0,0.0,118.0,0.0,0.0,0.0,0.0,0.0,0.0,0.0,0.0,0.0,0.0,0.0,0.0,0.0,3.0,0.0,0.0,0.0,0.0,0.0,0.0,0.0,0.0,0.0,0.0,0.0,0.0
https://github.com/swagger-api/swagger-core,2017-02-06,2017-03-05,2017-03-23,2.109440052633202,-386.7829300687186,0.1850386011081756,0.6098053935439164,11.0,12.0,2.0,0.0,0.0,0.0,48.0,0.0,0.0,0.0,0.0,0.0,-7171.0,96.0,0.0,0.0,1.0,0.0,1.0,2.0,1.0,0.0,0.0,0.0,0.0,0.0,1.0,4.0,0.0,0.0,0.0,0.0,0.0,0.0,0.0,0.0,0.0,0.0,1.0,0.0,0.0,0.0,0.0,0.0,0.0,0.0,0.0,0.0,0.0,0.0,0.0,0.0,1.0,0.0,0.0,0.0,0.0,0.0
https://github.com/swagger-api/swagger-core,2017-11-20,2017-12-27,2018-01-17,83.85493572399115,71.70519561374408,1.6610242859065338,0.5889543787576516,9.0,10.0,56.0,0.0,0.0,0.0,0.0,0.0,0.0,0.0,0.0,0.0,0.0,0.0,0.0,0.0,1.0,0.0,0.0,0.0,0.0,0.0,0.0,0.0,0.0,0.0,0.0,0.0,2.0,0.0,0.0,9.0,0.0,0.0,0.0,974.0,0.0,-8.0,95.0,0.0,0.0,0.0,0.0,0.0,1.0,3.0,0.0,0.0,1.0,3.0,1.0,4.0,1.0,0.0,0.0,0.0,0.0,2.0
https://github.com/swagger-api/swagger-core,2018-10-18,2018-12-13,2019-03-10,244.32966111151413,-1.046486973417362,0.6036776744271114,0.5059937014325707,6.0,7.0,0.0,-30.0,0.0,0.0,0.0,0.0,0.0,0.0,0.0,0.0,0.0,0.0,0.0,0.0,2.0,6.0,0.0,0.0,0.0,0.0,0.0,0.0,0.0,0.0,0.0,0.0,0.0,0.0,0.0,0.0,0.0,0.0,60.0,0.0,0.0,0.0,0.0,0.0,0.0,0.0,0.0,0.0,0.0,0.0,0.0,0.0,1.0,0.0,0.0,0.0,0.0,0.0,0.0,0.0,0.0,0.0
https://github.com/swagger-api/swagger-core,2019-09-24,2019-11-06,2020-02-16,-305.0323734878173,-23.93673830900543,0.5750553757028455,0.39208416558567455,6.0,7.0,0.0,0.0,0.0,0.0,0.0,432.0,0.0,0.0,0.0,4.0,0.0,0.0,0.0,0.0,1.0,0.0,0.0,0.0,0.0,6.0,2.0,0.0,0.0,4.0,0.0,0.0,0.0,0.0,0.0,0.0,0.0,0.0,0.0,0.0,0.0,0.0,0.0,0.0,0.0,0.0,0.0,0.0,0.0,0.0,0.0,0.0,0.0,0.0,0.0,0.0,0.0,0.0,0.0,0.0,0.0,0.0
https://github.com/swagger-api/swagger-core,2020-04-16,2020-05-07,2020-05-29,52.522854723309486,7.682560853617873,0.2880595323033427,0.3658362311246606,6.0,7.0,110.0,0.0,0.0,0.0,-7.0,0.0,0.0,0.0,0.0,0.0,0.0,0.0,0.0,0.0,4.0,0.0,0.0,0.0,1.0,1.0,0.0,0.0,0.0,0.0,0.0,0.0,0.0,1.0,0.0,0.0,0.0,0.0,0.0,0.0,0.0,0.0,0.0,0.0,2.0,0.0,1078.0,5.0,0.0,0.0,0.0,0.0,1.0,0.0,0.0,0.0,0.0,0.0,1.0,0.0,1.0,1.0
https://github.com/swagger-api/swagger-core,2020-06-10,2020-07-25,2020-10-16,135.6568454026402,34.6862502855698,1.9062890040240288,0.28745511286383807,5.0,6.0,0.0,0.0,-276.0,0.0,0.0,0.0,0.0,0.0,0.0,8.0,0.0,0.0,0.0,0.0,2.0,0.0,2.0,0.0,0.0,0.0,0.0,0.0,0.0,2.0,0.0,0.0,0.0,0.0,630.0,0.0,179.0,177.0,0.0,176.0,0.0,0.0,0.0,0.0,911.0,911.0,180.0,-64.0,2.0,0.0,6.0,7.0,2.0,6.0,0.0,0.0,0.0,0.0,1.0,1.0,8.0,28.0
https://github.com/swagger-api/swagger-ui,2014-07-27,2014-08-24,2014-09-12,5.022684207141197,143.489143130754,0.6055718547617045,0.36564397594294795,5.0,6.0,17.0,0.0,0.0,0.0,0.0,0.0,0.0,0.0,0.0,0.0,0.0,0.0,0.0,0.0,3.0,0.0,0.0,1.0,0.0,0.0,0.0,0.0,0.0,0.0,0.0,0.0,0.0,0.0,0.0,0.0,0.0,0.0,0.0,0.0,0.0,0.0,0.0,0.0,0.0,9.0,0.0,0.0,0.0,0.0,0.0,1.0,1.0,0.0,0.0,0.0,0.0,0.0,0.0,1.0,0.0,0.0
https://github.com/swagger-api/swagger-ui,2014-09-19,2014-10-28,2014-11-20,27.86008990480562,-4.579468313229172,1.6524983817493601,0.7414377269037706,6.0,7.0,6.0,-8.0,0.0,0.0,0.0,0.0,10.0,0.0,0.0,0.0,0.0,0.0,0.0,-109.0,2.0,3.0,0.0,0.0,0.0,0.0,2.0,0.0,0.0,0.0,0.0,0.0,0.0,3.0,0.0,115.0,87.0,16.0,54.0,4.0,0.0,0.0,0.0,0.0,0.0,491.0,0.0,0.0,0.0,2.0,5.0,3.0,7.0,2.0,0.0,0.0,3.0,0.0,0.0,3.0,0.0,0.0
https://github.com/swagger-api/swagger-ui,2014-12-01,2014-12-24,2015-01-28,4.761049520792855,53.429363938946615,0.2645027511551586,0.48032743890115936,7.0,8.0,61.0,0.0,0.0,0.0,0.0,-1.0,8.0,0.0,0.0,0.0,0.0,0.0,0.0,224.0,1.0,0.0,0.0,0.0,0.0,2.0,2.0,0.0,0.0,0.0,0.0,0.0,0.0,2.0,0.0,0.0,0.0,0.0,0.0,0.0,0.0,0.0,0.0,0.0,0.0,0.0,0.0,0.0,0.0,0.0,0.0,0.0,0.0,0.0,0.0,0.0,0.0,0.0,0.0,0.0,0.0,0.0
https://github.com/swagger-api/swagger-ui,2016-06-10,2016-07-21,2016-09-21,15.334259414111697,434.99528594409344,0.7863722776467537,1.2085888140255987,7.0,8.0,6191.0,0.0,0.0,0.0,0.0,0.0,0.0,30.0,0.0,0.0,0.0,0.0,0.0,4.0,13.0,1.0,0.0,0.0,0.0,0.0,0.0,2.0,0.0,0.0,0.0,0.0,0.0,2.0,16.0,0.0,0.0,0.0,0.0,0.0,0.0,134.0,0.0,0.0,0.0,0.0,0.0,20.0,1.0,0.0,0.0,0.0,0.0,1.0,1.0,4.0,0.0,0.0,0.0,0.0,0.0,4.0
https://github.com/swagger-api/swagger-ui,2016-07-21,2016-09-21,2016-10-25,434.99528594409344,3.4576092533914937,1.1924742965052573,0.673940786678003,8.0,9.0,0.0,0.0,0.0,0.0,0.0,-10.0,0.0,0.0,10.0,5.0,0.0,0.0,6.0,0.0,1.0,0.0,0.0,0.0,0.0,6.0,0.0,1.0,4.0,1.0,0.0,0.0,2.0,0.0,4.0,0.0,0.0,0.0,0.0,0.0,0.0,226.0,11.0,237.0,0.0,0.0,0.0,0.0,1.0,0.0,0.0,0.0,0.0,0.0,0.0,2.0,2.0,2.0,0.0,0.0,0.0,3.0
https://github.com/swagger-api/swagger-ui,2017-01-15,2017-02-22,2017-03-17,0.5301628287132262,-1421.9289118325066,0.13254070717830654,0.41390490534799634,9.0,10.0,1696.0,0.0,0.0,0.0,0.0,0.0,0.0,0.0,20.0,0.0,0.0,0.0,0.0,0.0,2.0,1.0,1.0,0.0,0.0,2.0,0.0,0.0,1.0,0.0,0.0,0.0,0.0,0.0,0.0,0.0,0.0,0.0,0.0,0.0,0.0,0.0,0.0,20.0,0.0,0.0,0.0,0.0,0.0,0.0,0.0,0.0,0.0,0.0,0.0,0.0,0.0,1.0,0.0,0.0,0.0,2.0
https://github.com/swagger-api/swagger-ui,2018-12-14,2019-08-23,2019-11-03,22.57237886862107,-59.26897213285537,0.5135514769051354,0.7417206246058378,5.0,6.0,-437.0,0.0,0.0,0.0,0.0,0.0,0.0,0.0,348.0,0.0,-7.0,0.0,0.0,0.0,18.0,0.0,0.0,2.0,0.0,0.0,0.0,0.0,2.0,0.0,2.0,0.0,0.0,0.0,0.0,0.0,0.0,0.0,1.0,0.0,0.0,0.0,0.0,0.0,0.0,20.0,0.0,27.0,0.0,1.0,0.0,0.0,1.0,0.0,0.0,0.0,0.0,0.0,0.0,2.0,0.0,5.0
https://github.com/swagger-api/swagger-ui,2019-08-23,2019-11-03,2020-01-09,-59.47500563969032,4.988825462374779,0.7279850574835074,0.4044993618141713,6.0,7.0,158.0,0.0,0.0,0.0,0.0,0.0,0.0,0.0,0.0,0.0,0.0,0.0,0.0,-19.0,18.0,0.0,1.0,0.0,0.0,0.0,0.0,0.0,0.0,0.0,0.0,0.0,0.0,2.0,0.0,0.0,0.0,0.0,0.0,0.0,0.0,0.0,0.0,0.0,0.0,0.0,0.0,0.0,0.0,0.0,0.0,0.0,0.0,0.0,0.0,0.0,0.0,0.0,0.0,0.0,0.0,0.0
https://github.com/concord-consortium/lab,2012-05-07,2012-05-22,2012-06-20,37731.10459058514,24025.40978769353,5.938374448962342,14.50402012214281,6.0,7.0,274.0,6612.0,1438.0,20755.0,282.0,555.0,336.0,1314.0,287.0,333190.0,160655.0,966.0,10238.0,904.0,28.0,5.0,11.0,18.0,3.0,10.0,33.0,13.0,16.0,15.0,10.0,23.0,17.0,21.0,796.0,-145.0,2.0,155.0,0.0,29.0,6.0,26.0,273.0,278.0,595199.0,-4.0,0.0,191.0,14.0,6.0,1.0,2.0,0.0,2.0,5.0,15.0,14.0,6.0,8.0,1.0,1.0,3.0
https://github.com/concord-consortium/lab,2012-07-13,2012-07-30,2012-08-13,789.6473102514243,2437.122283121357,8.469027043482043,12.348613108640844,7.0,8.0,379.0,284.0,4181.0,3.0,2.0,0.0,0.0,-3882.0,1614.0,80.0,-173.0,97.0,1598.0,29780.0,13.0,5.0,11.0,1.0,1.0,0.0,0.0,13.0,64.0,15.0,11.0,10.0,21.0,7.0,14.0,972.0,74.0,546.0,547.0,13.0,573.0,671.0,1338.0,2920.0,1612.0,1956.0,0.0,421.0,2.0,13.0,3.0,14.0,7.0,3.0,5.0,12.0,28.0,21.0,14.0,3.0,0.0,12.0
https://github.com/concord-consortium/lab,2012-10-12,2012-11-12,2013-01-08,1050.1754499208166,1424.8011436412432,12.2117151356579,9.705111555932316,6.0,7.0,6346.0,1091.0,567.0,207.0,0.0,0.0,-42.0,841.0,408.0,-48.0,338.0,7.0,0.0,1057.0,31.0,13.0,33.0,10.0,0.0,0.0,12.0,34.0,27.0,4.0,16.0,1.0,0.0,13.0,745.0,17225.0,111.0,628.0,25.0,0.0,134.0,180.0,609.0,104.0,872.0,4.0,0.0,219.0,11.0,31.0,9.0,5.0,1.0,0.0,15.0,24.0,26.0,5.0,23.0,7.0,0.0,11.0
https://github.com/concord-consortium/lab,2012-11-12,2013-01-08,2013-02-11,1424.4171284357926,731.8302267023281,9.687656319320928,13.560104346536,7.0,8.0,91.0,173.0,332.0,38.0,9964.0,362.0,317.0,527.0,966.0,902.0,40.0,-34.0,123.0,140.0,18.0,14.0,28.0,4.0,12.0,27.0,27.0,17.0,21.0,26.0,15.0,7.0,3.0,5.0,0.0,0.0,0.0,0.0,0.0,0.0,0.0,-458.0,758.0,684.0,0.0,0.0,288.0,132.0,0.0,0.0,0.0,0.0,0.0,0.0,0.0,11.0,16.0,12.0,0.0,0.0,17.0,18.0
https://github.com/concord-consortium/lab,2013-02-15,2013-03-15,2013-06-26,9067.1495899358,12886.683866953506,17.88399450773741,12.040305763048371,9.0,10.0,2624.0,0.0,0.0,95.0,151085.0,644.0,4756.0,1890.0,2.0,21149.0,159.0,289.0,272.0,1410.0,2.0,0.0,0.0,13.0,13.0,13.0,22.0,32.0,2.0,12.0,15.0,25.0,10.0,9.0,0.0,0.0,561.0,250.0,19747.0,5319.0,33163.0,1581.0,0.0,976.0,115.0,3112.0,1036.0,260.0,0.0,0.0,49.0,18.0,30.0,28.0,24.0,5.0,0.0,20.0,35.0,30.0,40.0,14.0
https://github.com/concord-consortium/lab,2013-07-03,2013-07-18,2013-08-09,7904.940238499507,25953.754257945104,14.624205020618799,12.050164302516785,9.0,10.0,166.0,0.0,0.0,352.0,700.0,4262.0,4896.0,1.0,6.0,0.0,159.0,241.0,168.0,3258.0,17.0,0.0,0.0,9.0,17.0,9.0,25.0,1.0,1.0,0.0,4.0,18.0,9.0,8.0,29380.0,35.0,22.0,19322.0,386.0,165.0,-449.0,30306.0,423.0,95.0,218.0,2742.0,1918.0,35995.0,24.0,1.0,3.0,13.0,13.0,18.0,16.0,19.0,11.0,12.0,10.0,24.0,21.0,24.0
https://github.com/concord-consortium/lab,2013-07-18,2013-08-09,2013-10-15,25782.338371092126,8787.904451769342,11.820199334911504,11.208165909913674,10.0,11.0,3946.0,101.0,90.0,93.0,1531.0,90987.0,31.0,0.0,0.0,0.0,13209.0,1461.0,540.0,970.0,10.0,3.0,15.0,18.0,6.0,1.0,7.0,0.0,0.0,1.0,2.0,10.0,15.0,7.0,6.0,0.0,159.0,241.0,168.0,310.0,2809.0,407.0,0.0,4867.0,358642.0,2721.0,1350.0,178514.0,1.0,0.0,4.0,18.0,9.0,6.0,15.0,11.0,0.0,18.0,16.0,29.0,11.0,41.0
https://github.com/phdeniel/nfs-ganesha,2010-06-17,2010-07-13,2010-07-30,1745.8731591640953,3283.933303177733,7.993640442474299,9.904664564982442,6.0,7.0,1424.0,920.0,2146.0,38.0,0.0,-146.0,2832.0,22.0,42.0,12944.0,15104.0,0.0,268.0,1710.0,8.0,14.0,6.0,6.0,0.0,4.0,14.0,16.0,6.0,6.0,14.0,0.0,4.0,22.0,1646.0,114.0,1988.0,486.0,0.0,1208.0,2112.0,1064.0,-226.0,576.0,0.0,0.0,1234.0,186.0,16.0,18.0,8.0,2.0,0.0,2.0,12.0,12.0,8.0,8.0,0.0,0.0,4.0,14.0
https://github.com/phdeniel/nfs-ganesha,2010-08-02,2010-08-17,2010-09-24,3518.223471556013,-30355.559551260714,12.67946040278407,18.26447626429646,9.0,10.0,-72.0,-4462.0,419300.0,1502.0,0.0,-4882.0,-3398.0,-2248.0,1188.0,22.0,56.0,0.0,130.0,304.0,30.0,10.0,28.0,22.0,0.0,44.0,56.0,18.0,26.0,12.0,6.0,0.0,6.0,10.0,25544.0,1714.0,-2.0,106.0,0.0,0.0,754.0,32.0,-572.0,-324.0,-342.0,0.0,7254.0,-570.0,12.0,14.0,4.0,2.0,0.0,0.0,18.0,36.0,12.0,12.0,20.0,0.0,36.0,16.0
https://github.com/phdeniel/nfs-ganesha,2011-04-28,2011-06-22,2011-07-14,503.80470257176427,1017.0936310723663,4.032181266527207,7.912326691510629,7.0,8.0,-2125.0,1475.0,0.0,226.0,3121.0,353.0,550.0,52.0,-366.0,-88.0,0.0,9.0,169.0,442.0,14.0,18.0,0.0,2.0,9.0,15.0,7.0,5.0,13.0,2.0,0.0,4.0,11.0,7.0,-1147.0,-95.0,0.0,0.0,6.0,545.0,-416.0,-3456.0,-211.0,31.0,0.0,-146.0,-756.0,781.0,5.0,1.0,0.0,0.0,1.0,6.0,2.0,13.0,6.0,1.0,0.0,20.0,4.0,8.0
https://github.com/phdeniel/nfs-ganesha,2011-11-09,2011-12-25,2012-01-24,-2031.0047034807383,-888.3315844293886,4.275614733817098,4.457746028113065,7.0,8.0,4.0,0.0,0.0,8.0,0.0,0.0,0.0,1.0,475.0,466.0,-40994.0,374.0,0.0,0.0,1.0,0.0,0.0,5.0,0.0,0.0,0.0,3.0,13.0,15.0,9.0,1.0,0.0,0.0,-6.0,88.0,32.0,5621.0,-21935.0,0.0,0.0,-9.0,-46.0,-39942.0,10506.0,10033.0,0.0,0.0,4.0,3.0,6.0,9.0,4.0,0.0,0.0,2.0,3.0,10.0,29.0,10.0,1.0,0.0
https://github.com/phdeniel/nfs-ganesha,2012-04-01,2012-07-31,2012-08-18,-282.0148938330145,-922.5426145432103,6.73050862597829,6.205443595582133,7.0,8.0,-12461.0,0.0,0.0,-1748.0,0.0,0.0,0.0,0.0,0.0,-3965.0,0.0,0.0,192.0,0.0,4.0,0.0,0.0,24.0,0.0,0.0,0.0,0.0,0.0,68.0,1.0,0.0,7.0,0.0,-3995.0,-5048.0,1644.0,0.0,0.0,309.0,-89.0,59.0,93.0,124.0,0.0,0.0,-8173.0,0.0,4.0,5.0,21.0,0.0,0.0,6.0,6.0,3.0,9.0,14.0,0.0,0.0,13.0,0.0
https://github.com/phdeniel/nfs-ganesha,2013-05-20,2013-06-11,2013-06-28,-1248.2852167709414,161.5166220490935,3.2892297438737623,3.3822363911823405,10.0,11.0,860.0,7.0,0.0,366.0,0.0,0.0,42.0,338.0,887.0,-97.0,0.0,0.0,-5.0,1.0,7.0,3.0,0.0,6.0,0.0,0.0,3.0,1.0,11.0,1.0,0.0,0.0,1.0,1.0,0.0,-28166.0,0.0,0.0,0.0,0.0,-73.0,85.0,1.0,0.0,0.0,0.0,0.0,764.0,0.0,5.0,0.0,0.0,0.0,0.0,14.0,4.0,1.0,0.0,0.0,0.0,0.0,9.0
https://github.com/phdeniel/nfs-ganesha,2013-11-14,2014-01-29,2014-03-24,-5826.087149207992,-121.31400099456887,1.5867000345588074,6.271634310676014,17.0,18.0,2.0,3.0,48.0,0.0,0.0,0.0,0.0,2969.0,2964.0,0.0,0.0,-2.0,0.0,-152.0,3.0,2.0,3.0,0.0,0.0,1.0,2.0,83.0,4.0,0.0,0.0,4.0,1.0,3.0,52.0,7.0,0.0,0.0,39.0,0.0,0.0,38.0,220.0,0.0,0.0,0.0,3.0,4.0,11.0,3.0,0.0,0.0,3.0,0.0,0.0,3.0,5.0,0.0,0.0,1.0,1.0,1.0
https://github.com/phdeniel/nfs-ganesha,2014-01-29,2014-03-24,2014-04-14,-121.31400099456887,135.71773803769938,6.252913014226236,5.196293485606311,18.0,19.0,61.0,1.0,0.0,10.0,-161.0,0.0,0.0,60.0,92.0,0.0,642.0,2138.0,-126.0,0.0,2.0,2.0,0.0,2.0,10.0,0.0,0.0,2.0,1.0,0.0,10.0,32.0,1.0,0.0,360.0,0.0,0.0,-89.0,58.0,6.0,0.0,4.0,0.0,-1686.0,-1550.0,-672.0,0.0,-3.0,17.0,0.0,0.0,13.0,27.0,3.0,0.0,1.0,0.0,20.0,16.0,6.0,0.0,1.0
https://github.com/phdeniel/nfs-ganesha,2016-02-15,2016-11-08,2017-03-02,-9.775336710891759,7.740301133735935,1.7470655353947384,1.5638746899035147,7.0,8.0,788.0,0.0,0.0,0.0,0.0,0.0,0.0,-28.0,0.0,0.0,0.0,0.0,0.0,0.0,7.0,0.0,0.0,0.0,0.0,0.0,0.0,11.0,0.0,0.0,0.0,0.0,0.0,0.0,-227.0,0.0,0.0,68.0,0.0,0.0,0.0,401.0,0.0,0.0,14.0,0.0,0.0,0.0,9.0,0.0,0.0,8.0,0.0,0.0,0.0,3.0,0.0,0.0,2.0,1.0,0.0,0.0
https://github.com/phdeniel/nfs-ganesha,2017-08-07,2018-02-05,2018-03-25,-1154.1731802230602,26.15426573206899,1.8791954356492095,1.9533453180397438,6.0,7.0,937.0,0.0,0.0,454.0,-43.0,0.0,0.0,0.0,0.0,0.0,0.0,0.0,0.0,0.0,2.0,0.0,0.0,1.0,10.0,0.0,0.0,0.0,0.0,0.0,0.0,0.0,0.0,0.0,0.0,0.0,0.0,0.0,422.0,0.0,0.0,0.0,0.0,0.0,0.0,2.0,0.0,0.0,0.0,0.0,0.0,0.0,6.0,0.0,0.0,0.0,0.0,0.0,0.0,4.0,0.0,0.0
https://github.com/TrinityCore/WowPacketParser,2012-02-04,2012-03-10,2012-04-03,72.36130521059725,82.70592870094183,0.9739843139985378,2.5792748725753842,9.0,10.0,154.0,8.0,14.0,111.0,-42.0,1.0,191.0,166.0,166.0,0.0,0.0,0.0,0.0,70.0,6.0,4.0,4.0,6.0,7.0,4.0,7.0,4.0,1.0,0.0,0.0,0.0,0.0,2.0,0.0,1.0,0.0,127.0,0.0,23.0,0.0,0.0,0.0,0.0,0.0,0.0,63.0,79.0,0.0,1.0,1.0,1.0,0.0,2.0,0.0,0.0,0.0,0.0,1.0,0.0,2.0,3.0
https://github.com/TrinityCore/WowPacketParser,2012-10-05,2012-12-24,2013-01-10,11.289587511518238,5.959539401611607,0.3122120440132256,0.35056114127127097,10.0,11.0,0.0,0.0,0.0,0.0,0.0,24.0,5.0,0.0,0.0,0.0,0.0,0.0,0.0,0.0,1.0,0.0,0.0,2.0,0.0,1.0,1.0,0.0,0.0,0.0,0.0,0.0,0.0,0.0,0.0,0.0,0.0,0.0,76.0,0.0,35.0,0.0,0.0,0.0,23.0,0.0,0.0,0.0,0.0,0.0,0.0,0.0,3.0,0.0,2.0,0.0,0.0,0.0,1.0,0.0,0.0,0.0
https://github.com/TrinityCore/WowPacketParser,2012-12-24,2013-01-10,2013-01-26,1.6943788494778098,116.6334976505691,0.2921342843927258,2.171708061401615,11.0,12.0,146.0,0.0,0.0,742.0,430.0,71.0,169.0,0.0,0.0,0.0,0.0,0.0,0.0,0.0,2.0,0.0,0.0,11.0,13.0,3.0,2.0,0.0,0.0,0.0,0.0,0.0,0.0,0.0,0.0,0.0,24.0,5.0,0.0,0.0,0.0,0.0,0.0,0.0,0.0,0.0,0.0,0.0,2.0,0.0,1.0,1.0,0.0,0.0,0.0,0.0,0.0,0.0,0.0,0.0,0.0,0.0
https://github.com/TrinityCore/WowPacketParser,2013-08-26,2013-09-11,2014-03-17,376.8815422701312,239.37144113533762,4.865402233874583,4.008855611537932,9.0,10.0,1878.0,343.0,231.0,324.0,45.0,20.0,28.0,80.0,38.0,199.0,114.0,36.0,0.0,365.0,21.0,17.0,14.0,16.0,4.0,5.0,3.0,4.0,9.0,14.0,8.0,3.0,0.0,5.0,0.0,81.0,962.0,1419.0,480.0,588.0,806.0,388.0,665.0,0.0,294.0,0.0,0.0,194.0,0.0,1.0,8.0,14.0,7.0,10.0,8.0,3.0,3.0,1.0,11.0,0.0,0.0,4.0
https://github.com/TrinityCore/WowPacketParser,2014-06-01,2014-08-20,2014-09-14,659.2718084340346,8610.717886946506,1.106034223170684,4.237878872200522,10.0,11.0,-12.0,-27.0,547.0,0.0,0.0,133.0,-51.0,57.0,293.0,30.0,-117.0,17.0,217.0,0.0,2.0,2.0,5.0,0.0,0.0,10.0,2.0,4.0,9.0,1.0,11.0,16.0,8.0,0.0,0.0,0.0,0.0,0.0,0.0,0.0,0.0,0.0,-4.0,-11431.0,0.0,0.0,187.0,0.0,0.0,0.0,0.0,0.0,0.0,0.0,0.0,0.0,2.0,10.0,0.0,0.0,3.0,0.0
https://github.com/TrinityCore/WowPacketParser,2014-08-20,2014-09-14,2014-10-25,8610.228900922792,2547.4346208385273,4.1971300368909015,3.9904615125771348,11.0,12.0,96.0,0.0,0.0,0.0,35.0,0.0,71721.0,155.0,0.0,0.0,0.0,31465.0,0.0,0.0,12.0,1.0,0.0,0.0,5.0,0.0,2.0,2.0,0.0,0.0,2.0,3.0,0.0,0.0,-116.0,217.0,0.0,3.0,0.0,204317.0,132.0,0.0,1.0,0.0,0.0,5685.0,0.0,75.0,19.0,8.0,0.0,4.0,2.0,2.0,5.0,0.0,3.0,0.0,0.0,12.0,3.0,2.0
https://github.com/TrinityCore/WowPacketParser,2014-10-25,2014-11-19,2014-12-20,222.97710056121892,23.78847554359942,10.697066063631073,1.86198593998484,11.0,12.0,3.0,92.0,185.0,254.0,114.0,0.0,0.0,0.0,12.0,0.0,0.0,0.0,0.0,0.0,1.0,4.0,14.0,25.0,5.0,0.0,0.0,0.0,2.0,0.0,0.0,0.0,0.0,0.0,7.0,40.0,594.0,355.0,323.0,285.0,231.0,84.0,34.0,175.0,258.0,6.0,0.0,0.0,2.0,3.0,20.0,27.0,33.0,23.0,18.0,3.0,2.0,13.0,21.0,2.0,0.0,1.0
https://github.com/TrinityCore/WowPacketParser,2015-06-22,2015-08-24,2015-10-24,13.671219648533361,61.97714327671876,1.2137998753370742,0.5916672389185562,12.0,13.0,11.0,0.0,2.0,-3.0,0.0,-3.0,0.0,0.0,0.0,0.0,0.0,2028.0,27.0,0.0,1.0,0.0,1.0,3.0,0.0,1.0,0.0,0.0,0.0,0.0,0.0,1.0,2.0,0.0,0.0,0.0,0.0,0.0,0.0,0.0,0.0,0.0,0.0,-2255.0,0.0,0.0,0.0,0.0,0.0,0.0,0.0,0.0,0.0,0.0,0.0,0.0,0.0,2.0,0.0,0.0,0.0,0.0
https://github.com/TrinityCore/WowPacketParser,2019-07-08,2019-07-29,2020-02-12,24.445625103003497,120.05002503522132,0.6472365098554896,0.432558327175676,6.0,7.0,105.0,89.0,12.0,0.0,0.0,0.0,46.0,0.0,0.0,39.0,0.0,5.0,0.0,0.0,2.0,2.0,3.0,0.0,0.0,0.0,2.0,0.0,0.0,2.0,1.0,1.0,0.0,0.0,0.0,5.0,0.0,0.0,0.0,0.0,0.0,0.0,7.0,0.0,0.0,444.0,0.0,0.0,0.0,2.0,0.0,0.0,0.0,0.0,0.0,0.0,3.0,0.0,0.0,6.0,0.0,0.0
https://github.com/TrinityCore/WowPacketParser,2020-02-12,2020-05-30,2020-07-29,-79.14365603222038,-16535.520896774986,0.2706563708649046,0.49393971038973217,6.0,7.0,-1006652.0,0.0,0.0,7.0,0.0,13.0,0.0,0.0,0.0,56.0,50.0,0.0,0.0,0.0,3.0,0.0,0.0,1.0,0.0,3.0,0.0,0.0,0.0,4.0,4.0,0.0,0.0,0.0,5.0,0.0,0.0,0.0,0.0,0.0,0.0,0.0,0.0,0.0,334.0,0.0,0.0,0.0,1.0,0.0,0.0,0.0,0.0,0.0,0.0,0.0,0.0,0.0,1.0,0.0,0.0,0.0
https://github.com/TrinityCore/WowPacketParser,2021-03-20,2021-04-08,2021-05-15,103.087648866543,155.64765541851875,0.3615298306942891,0.6490953484004257,6.0,7.0,5513.0,0.0,17.0,0.0,0.0,0.0,0.0,0.0,0.0,80.0,0.0,0.0,16.0,0.0,14.0,0.0,1.0,0.0,0.0,0.0,0.0,0.0,0.0,1.0,0.0,0.0,1.0,0.0,0.0,0.0,0.0,0.0,0.0,0.0,0.0,1189.0,0.0,775.0,0.0,0.0,8.0,0.0,0.0,0.0,0.0,0.0,0.0,0.0,0.0,1.0,0.0,1.0,0.0,0.0,1.0,0.0
https://github.com/grails/grails-data-mapping,2012-07-20,2012-10-02,2012-10-24,-65.22825837987772,-254.27897265024382,0.5029059304137269,1.3588117526731947,10.0,11.0,106.0,0.0,0.0,0.0,0.0,-6341.0,12.0,50.0,56.0,0.0,0.0,0.0,0.0,0.0,1.0,0.0,0.0,0.0,0.0,8.0,2.0,2.0,1.0,0.0,0.0,0.0,0.0,0.0,0.0,0.0,0.0,-7450.0,0.0,197.0,0.0,0.0,0.0,0.0,0.0,0.0,0.0,0.0,0.0,1.0,0.0,1.0,0.0,5.0,0.0,0.0,0.0,0.0,0.0,0.0,0.0,0.0
https://github.com/grails/grails-data-mapping,2012-10-02,2012-10-24,2012-12-19,-254.27897265024382,-68.5408688044774,1.313518027584088,1.245550575366931,11.0,12.0,90.0,0.0,-5685.0,0.0,0.0,0.0,0.0,-3.0,1.0,0.0,0.0,0.0,12.0,0.0,5.0,0.0,2.0,0.0,0.0,0.0,2.0,3.0,1.0,0.0,0.0,0.0,2.0,0.0,0.0,0.0,0.0,0.0,0.0,0.0,0.0,35.0,0.0,0.0,0.0,145.0,132.0,191.0,0.0,0.0,0.0,0.0,0.0,0.0,0.0,2.0,0.0,0.0,0.0,6.0,6.0,1.0
https://github.com/grails/grails-data-mapping,2013-02-14,2013-03-01,2013-03-16,35.26112169606479,1405.3889575428639,1.5018625907583152,3.08508193972664,10.0,11.0,3.0,-1.0,286.0,0.0,4.0,0.0,0.0,0.0,0.0,10.0,150.0,401.0,166.0,19914.0,1.0,1.0,11.0,1.0,3.0,1.0,0.0,0.0,0.0,2.0,5.0,6.0,4.0,4.0,0.0,0.0,0.0,14.0,18.0,8.0,0.0,-2.0,0.0,-2.0,0.0,0.0,0.0,220.0,0.0,0.0,0.0,5.0,4.0,2.0,0.0,1.0,0.0,2.0,0.0,0.0,0.0,1.0
https://github.com/grails/grails-data-mapping,2013-05-04,2013-06-15,2013-08-13,60.91600955535991,173.02997311825322,1.6266929614225245,2.268246566018972,9.0,10.0,-19.0,0.0,8.0,211.0,41.0,2659.0,1001.0,0.0,8456.0,-14124.0,354.0,-4.0,-1.0,532.0,1.0,1.0,5.0,10.0,2.0,18.0,9.0,0.0,2.0,14.0,7.0,3.0,3.0,3.0,0.0,0.0,0.0,17.0,17.0,49.0,275.0,0.0,397.0,8.0,122.0,1070.0,73.0,0.0,0.0,0.0,1.0,2.0,1.0,1.0,3.0,0.0,3.0,1.0,9.0,12.0,2.0,2.0
https://github.com/grails/grails-data-mapping,2013-06-15,2013-08-13,2013-09-03,172.69142885466832,90.633658402093,2.251319352839726,1.3155740981122883,10.0,11.0,21.0,0.0,0.0,0.0,0.0,0.0,0.0,0.0,48.0,0.0,0.0,0.0,0.0,0.0,2.0,1.0,0.0,0.0,0.0,0.0,0.0,0.0,1.0,0.0,1.0,0.0,0.0,0.0,0.0,0.0,0.0,0.0,0.0,0.0,89.0,0.0,0.0,0.0,0.0,0.0,0.0,0.0,0.0,0.0,0.0,0.0,0.0,0.0,4.0,0.0,0.0,0.0,0.0,0.0,0.0,0.0
https://github.com/grails/grails-data-mapping,2013-10-14,2013-11-18,2013-12-17,9.391514697957662,89.63668913483585,1.337579366072758,1.6514795724567954,10.0,11.0,1.0,30.0,204.0,0.0,110.0,-1.0,174.0,0.0,121.0,48.0,102.0,0.0,0.0,0.0,9.0,4.0,5.0,0.0,3.0,4.0,2.0,0.0,5.0,1.0,1.0,0.0,0.0,0.0,229.0,0.0,1.0,0.0,0.0,0.0,0.0,27.0,40.0,0.0,0.0,0.0,0.0,0.0,2.0,0.0,7.0,3.0,0.0,0.0,0.0,4.0,5.0,0.0,0.0,0.0,0.0,0.0
https://github.com/grails/grails-data-mapping,2013-12-17,2014-01-14,2014-02-12,8.336329918105061,19.599211985752,0.21015957776735447,1.510333540120674,10.0,11.0,39.0,39.0,49.0,0.0,0.0,0.0,0.0,0.0,0.0,-204.0,0.0,0.0,107.0,0.0,5.0,2.0,2.0,0.0,0.0,0.0,0.0,0.0,0.0,2.0,0.0,0.0,2.0,0.0,0.0,0.0,0.0,0.0,0.0,0.0,0.0,0.0,0.0,0.0,0.0,0.0,0.0,0.0,0.0,0.0,0.0,0.0,0.0,0.0,1.0,0.0,1.0,0.0,0.0,0.0,0.0,0.0
https://github.com/grails/grails-data-mapping,2014-01-14,2014-02-12,2014-03-24,19.599211985752,149.73351059164258,1.475209504303914,3.021417183622295,11.0,12.0,232.0,132.0,0.0,0.0,-2.0,-2.0,0.0,12.0,0.0,0.0,0.0,0.0,0.0,0.0,9.0,5.0,1.0,0.0,2.0,1.0,0.0,5.0,0.0,0.0,0.0,0.0,0.0,0.0,276.0,63.0,24.0,0.0,0.0,0.0,-5.0,0.0,45.0,-11.0,0.0,0.0,13.0,123.0,2.0,2.0,2.0,0.0,0.0,0.0,6.0,0.0,2.0,2.0,0.0,0.0,3.0,10.0
https://github.com/grails/grails-data-mapping,2014-06-30,2014-08-01,2014-08-20,-104.65901315782364,-519.3814474628734,3.7667283141275014,1.7977165034854625,14.0,15.0,-5076.0,14.0,0.0,-5066.0,0.0,0.0,0.0,0.0,0.0,0.0,0.0,171.0,14.0,0.0,1.0,1.0,0.0,6.0,0.0,0.0,0.0,0.0,0.0,0.0,0.0,6.0,2.0,1.0,0.0,0.0,1221.0,-2561.0,-2567.0,-980.0,236.0,61.0,0.0,0.0,0.0,87.0,121.0,42.0,0.0,0.0,1.0,5.0,30.0,2.0,10.0,5.0,0.0,0.0,0.0,3.0,21.0,5.0
https://github.com/grails/grails-data-mapping,2016-01-29,2016-03-23,2016-06-23,23.124822171760172,-704.0241045299123,0.9721024680125537,2.2872003149567575,9.0,10.0,0.0,0.0,0.0,0.0,0.0,0.0,0.0,0.0,109.0,41.0,0.0,0.0,197.0,44.0,1.0,0.0,0.0,0.0,0.0,1.0,0.0,0.0,4.0,1.0,0.0,0.0,3.0,1.0,0.0,0.0,0.0,0.0,0.0,0.0,11.0,26.0,0.0,0.0,0.0,0.0,0.0,0.0,0.0,0.0,0.0,0.0,0.0,0.0,3.0,8.0,0.0,0.0,0.0,0.0,0.0,0.0
https://github.com/grails/grails-data-mapping,2017-02-20,2017-03-16,2017-04-18,36.99287217573006,99.69605815517946,2.5176268659662604,2.030219018278878,10.0,11.0,37.0,0.0,0.0,-64.0,25.0,95.0,1266.0,0.0,0.0,0.0,47.0,0.0,0.0,0.0,3.0,1.0,0.0,4.0,2.0,1.0,1.0,0.0,0.0,0.0,5.0,1.0,0.0,0.0,36.0,0.0,0.0,109.0,11.0,30.0,66.0,25.0,0.0,0.0,0.0,0.0,3.0,-3.0,3.0,0.0,0.0,4.0,2.0,2.0,5.0,4.0,0.0,0.0,0.0,0.0,1.0,3.0
https://github.com/grails/grails-data-mapping,2017-07-24,2017-09-07,2017-11-16,6.75433328501315,10.872639244425752,0.42494149806374126,0.57224417075925,10.0,11.0,102.0,0.0,0.0,214.0,1.0,0.0,0.0,0.0,0.0,0.0,0.0,0.0,0.0,0.0,4.0,0.0,0.0,4.0,3.0,0.0,0.0,0.0,0.0,0.0,0.0,0.0,0.0,0.0,0.0,0.0,0.0,0.0,0.0,0.0,1.0,0.0,0.0,0.0,0.0,0.0,1.0,1.0,0.0,0.0,0.0,0.0,0.0,0.0,1.0,0.0,0.0,0.0,0.0,0.0,3.0,1.0
https://github.com/grails/grails-data-mapping,2018-03-20,2018-05-04,2018-08-10,35.29364104087613,12.089234709579442,0.38143159421163014,0.4477494336881275,10.0,11.0,80.0,0.0,190.0,28.0,0.0,0.0,0.0,0.0,0.0,0.0,0.0,0.0,108.0,241.0,4.0,0.0,3.0,3.0,0.0,0.0,0.0,0.0,0.0,0.0,0.0,0.0,1.0,6.0,0.0,0.0,0.0,0.0,0.0,116.0,0.0,0.0,0.0,0.0,0.0,80.0,-26.0,0.0,0.0,0.0,0.0,0.0,0.0,1.0,0.0,0.0,0.0,0.0,0.0,5.0,1.0,0.0
https://github.com/mana/mana,2004-12-23,2005-01-12,2005-02-06,100.75094717012779,73.45507359322694,5.964219475335354,5.074199162690019,6.0,7.0,111.0,868.0,-30.0,-216.0,-309.0,662.0,80.0,0.0,29.0,0.0,4.0,0.0,0.0,6.0,12.0,14.0,7.0,9.0,10.0,23.0,4.0,0.0,1.0,0.0,1.0,0.0,0.0,8.0,-646.0,-37.0,0.0,86.0,162.0,-455.0,136.0,33.0,314.0,192.0,114.0,22.0,107.0,0.0,6.0,2.0,0.0,6.0,4.0,6.0,5.0,3.0,5.0,1.0,1.0,1.0,1.0,0.0
https://github.com/mana/mana,2005-04-03,2005-05-01,2005-06-02,91.83069709201638,40.64147036922686,5.737191397677392,3.577704727484063,10.0,11.0,31.0,0.0,0.0,45.0,71.0,21.0,133.0,156.0,5.0,-21.0,90.0,0.0,-24.0,44.0,9.0,0.0,0.0,6.0,7.0,1.0,6.0,4.0,3.0,3.0,3.0,0.0,6.0,6.0,41.0,91.0,0.0,288.0,41.0,58.0,15.0,59.0,64.0,5.0,0.0,94.0,-8.0,147.0,4.0,8.0,1.0,6.0,3.0,3.0,3.0,1.0,4.0,1.0,0.0,2.0,4.0,11.0
https://github.com/mana/mana,2005-05-01,2005-06-02,2005-06-23,27.021085704945424,117.58876141133508,3.5463213526815713,3.607615399850247,11.0,12.0,610.0,116.0,4.0,180.0,75.0,0.0,0.0,0.0,0.0,3.0,0.0,191.0,4.0,166.0,10.0,4.0,4.0,13.0,2.0,0.0,0.0,0.0,0.0,2.0,1.0,2.0,1.0,3.0,0.0,168.0,-122.0,-18.0,0.0,0.0,0.0,7.0,42.0,0.0,2.0,5.0,0.0,0.0,0.0,9.0,12.0,5.0,0.0,0.0,0.0,1.0,2.0,2.0,2.0,1.0,2.0,0.0
https://github.com/mana/mana,2006-01-10,2006-06-27,2006-08-02,17.650366507376486,72.97998587707268,0.8115111037874247,1.8883710196502823,9.0,10.0,12.0,0.0,22.0,0.0,0.0,0.0,144.0,0.0,0.0,0.0,0.0,0.0,0.0,0.0,3.0,0.0,2.0,0.0,0.0,0.0,2.0,0.0,1.0,0.0,0.0,0.0,0.0,0.0,0.0,0.0,0.0,0.0,0.0,4.0,0.0,0.0,29.0,0.0,0.0,0.0,0.0,2.0,0.0,0.0,0.0,0.0,0.0,1.0,0.0,0.0,4.0,0.0,0.0,0.0,0.0,1.0
https://github.com/mana/mana,2006-06-27,2006-08-02,2006-10-12,72.952215715019,75.02059257954991,1.8606008575966018,2.173282779768752,10.0,11.0,80.0,10.0,-33.0,0.0,-21.0,9.0,9.0,0.0,0.0,0.0,335.0,78.0,55.0,3.0,2.0,2.0,7.0,0.0,2.0,1.0,1.0,0.0,0.0,0.0,3.0,4.0,2.0,1.0,2316.0,0.0,-10.0,0.0,148.0,28.0,-374.0,16.0,4.0,70.0,-36.0,77.0,5.0,212.0,12.0,0.0,2.0,0.0,5.0,8.0,9.0,2.0,1.0,2.0,3.0,2.0,1.0,6.0
https://github.com/mana/mana,2006-12-23,2007-02-16,2007-03-18,3.7063259761007945,103.44210319662514,1.4393498936313764,1.2354286049952001,8.0,9.0,26.0,0.0,0.0,0.0,154.0,0.0,0.0,1061.0,0.0,29.0,5.0,605.0,0.0,0.0,6.0,0.0,0.0,0.0,5.0,0.0,0.0,1.0,0.0,3.0,1.0,3.0,0.0,0.0,13.0,14.0,-11.0,0.0,0.0,0.0,0.0,0.0,16.0,6.0,14.0,0.0,0.0,9.0,1.0,2.0,1.0,0.0,0.0,0.0,0.0,0.0,2.0,1.0,1.0,0.0,0.0,4.0
https://github.com/mana/mana,2007-03-19,2007-07-16,2007-08-21,61.93138547621943,99.57908649323961,0.7482885293759883,1.7781979730935646,9.0,10.0,641.0,0.0,0.0,0.0,0.0,4.0,1.0,19.0,13.0,9.0,0.0,-18.0,82.0,-48.0,2.0,0.0,0.0,0.0,0.0,1.0,1.0,4.0,2.0,1.0,0.0,1.0,1.0,3.0,0.0,0.0,0.0,0.0,0.0,89.0,0.0,0.0,-11.0,0.0,29.0,29.0,0.0,4.0,0.0,0.0,0.0,0.0,0.0,4.0,0.0,0.0,4.0,0.0,1.0,1.0,0.0,1.0
https://github.com/mana/mana,2007-12-09,2008-04-14,2008-06-03,62.72171918572149,106.72987274527924,1.5059520257036838,2.0287825232982635,6.0,7.0,190.0,114.0,88.0,330.0,473.0,6.0,114.0,1068.0,-726.0,29.0,10.0,539.0,10.0,38.0,4.0,3.0,8.0,8.0,7.0,1.0,7.0,3.0,4.0,2.0,2.0,6.0,2.0,4.0,263.0,21.0,0.0,65.0,0.0,0.0,25.0,-317.0,70.0,-5.0,83.0,-227.0,-32.0,45.0,8.0,5.0,0.0,6.0,0.0,0.0,2.0,2.0,1.0,2.0,5.0,4.0,1.0,2.0
https://github.com/mana/mana,2008-04-14,2008-06-03,2008-07-18,105.61603135993902,161.81637528275164,2.008892498560045,0.9921851327259019,7.0,8.0,111.0,79.0,5.0,0.0,0.0,19.0,188.0,0.0,112.0,0.0,12.0,3.0,5.0,0.0,4.0,1.0,1.0,0.0,0.0,1.0,2.0,0.0,2.0,0.0,1.0,2.0,1.0,0.0,0.0,253.0,8.0,0.0,0.0,0.0,11.0,6.0,67.0,-52.0,0.0,0.0,13.0,0.0,0.0,3.0,1.0,0.0,0.0,0.0,1.0,1.0,2.0,1.0,0.0,0.0,1.0,0.0
https://github.com/mana/mana,2009-01-13,2009-03-09,2009-03-26,668.3676009120403,1465.426423665567,9.030776667572809,10.746849818830782,11.0,12.0,471.0,133.0,403.0,1771.0,225.0,89.0,57.0,29.0,792.0,68.0,-222.0,0.0,16231.0,1368.0,37.0,11.0,12.0,13.0,15.0,11.0,3.0,1.0,9.0,9.0,9.0,0.0,5.0,10.0,454.0,216.0,129.0,0.0,-10.0,0.0,-4.0,57.0,0.0,0.0,-51.0,2.0,12.0,785.0,5.0,18.0,7.0,0.0,2.0,0.0,3.0,2.0,0.0,0.0,9.0,1.0,2.0,7.0
https://github.com/mana/mana,2009-07-23,2009-08-31,2009-10-08,67.26940453286029,6.659700701950953,2.238026078148698,1.9446326049696783,12.0,13.0,14.0,0.0,89.0,86.0,0.0,5.0,1.0,0.0,0.0,0.0,0.0,0.0,4.0,8.0,3.0,0.0,1.0,1.0,0.0,1.0,2.0,0.0,0.0,0.0,0.0,0.0,1.0,1.0,0.0,0.0,0.0,-1.0,0.0,0.0,7.0,0.0,0.0,0.0,0.0,0.0,3.0,9.0,0.0,0.0,0.0,1.0,0.0,0.0,1.0,1.0,0.0,0.0,0.0,0.0,1.0,7.0
https://github.com/mana/mana,2010-06-01,2010-06-22,2010-07-23,-22.610267878384164,23.261985188671833,1.278964647666175,1.4478414017845538,9.0,10.0,2.0,0.0,0.0,0.0,0.0,0.0,1.0,26.0,0.0,0.0,0.0,0.0,0.0,0.0,1.0,2.0,0.0,0.0,0.0,0.0,1.0,2.0,0.0,0.0,0.0,0.0,0.0,0.0,75.0,-79.0,4.0,55.0,246.0,0.0,0.0,0.0,0.0,0.0,-5.0,0.0,3.0,0.0,1.0,2.0,1.0,5.0,3.0,0.0,0.0,0.0,0.0,0.0,1.0,0.0,1.0,0.0
https://github.com/mana/mana,2010-07-23,2010-08-31,2010-09-19,344.70561479083335,5.656110503640395,1.8493892894888226,1.2880251641953375,9.0,10.0,-6.0,-7.0,0.0,6.0,16.0,3.0,0.0,35.0,-1.0,0.0,8.0,10.0,6.0,0.0,1.0,2.0,0.0,1.0,3.0,1.0,2.0,2.0,1.0,0.0,2.0,2.0,2.0,0.0,31.0,31.0,3.0,0.0,-14.0,0.0,5.0,37.0,230.0,0.0,-1.0,0.0,97.0,2.0,2.0,3.0,1.0,1.0,1.0,1.0,1.0,1.0,3.0,1.0,1.0,1.0,1.0,1.0
https://github.com/tablexi/nucore-open,2011-10-13,2011-12-07,2012-02-06,131.34087950491016,177.0123261087739,5.157031629945319,4.688851094480812,5.0,6.0,277.0,254.0,0.0,0.0,186.0,7.0,408.0,2429.0,2742.0,0.0,0.0,410.0,206.0,1158.0,18.0,7.0,0.0,0.0,19.0,10.0,3.0,9.0,11.0,0.0,0.0,8.0,26.0,25.0,0.0,0.0,0.0,0.0,86.0,273.0,4.0,1228.0,-28.0,0.0,0.0,215.0,46.0,363.0,0.0,0.0,0.0,0.0,4.0,9.0,2.0,53.0,18.0,0.0,0.0,12.0,10.0,8.0
https://github.com/Eyescale/Equalizer,2009-04-18,2009-07-14,2009-10-16,114.88499561207153,139.30853132622994,3.3167683070782146,2.4998094732486282,5.0,6.0,-908.0,4093.0,313.0,49.0,0.0,15.0,12.0,105.0,830.0,270.0,337.0,0.0,187.0,-141.0,8.0,7.0,12.0,1.0,0.0,1.0,2.0,8.0,6.0,4.0,1.0,0.0,1.0,7.0,51.0,110.0,49.0,22.0,0.0,0.0,59.0,360.0,364.0,0.0,25.0,0.0,24.0,-80.0,7.0,5.0,2.0,3.0,0.0,0.0,9.0,11.0,3.0,4.0,2.0,0.0,2.0,11.0
https://github.com/Eyescale/Equalizer,2009-07-14,2009-10-16,2009-12-23,137.97884543620407,159.6255046930605,2.4891719861284214,5.23002066587946,6.0,7.0,116.0,0.0,0.0,16.0,-6.0,976.0,683.0,-294.0,0.0,0.0,141.0,419.0,63.0,2209.0,7.0,0.0,1.0,6.0,2.0,10.0,8.0,6.0,0.0,0.0,6.0,20.0,1.0,3.0,260.0,0.0,0.0,995.0,156.0,105.0,2.0,-11.0,0.0,6.0,0.0,0.0,15.0,6.0,2.0,0.0,0.0,6.0,11.0,9.0,3.0,3.0,0.0,2.0,0.0,0.0,2.0,2.0
https://github.com/Eyescale/Equalizer,2011-08-15,2011-10-28,2011-11-14,186.8145185457606,455.07246179642675,3.2534275053321635,9.109677331582867,11.0,12.0,845.0,311.0,278.0,297.0,86.0,380.0,699.0,194.0,0.0,16.0,166.0,413.0,2651.0,85.0,6.0,2.0,6.0,11.0,19.0,11.0,17.0,5.0,0.0,3.0,4.0,9.0,9.0,9.0,305.0,0.0,0.0,0.0,88.0,10.0,147.0,1198.0,0.0,261.0,299.0,-257.0,-148.0,2363.0,2.0,0.0,0.0,1.0,3.0,1.0,5.0,15.0,0.0,3.0,6.0,9.0,3.0,14.0
https://github.com/Eyescale/Equalizer,2011-12-02,2011-12-22,2012-02-02,-21.409831061455886,590.8740383465431,3.810649088221657,8.323168654127143,11.0,12.0,231.0,36.0,0.0,0.0,320.0,0.0,11.0,48.0,18.0,0.0,0.0,70.0,202.0,47.0,18.0,5.0,0.0,0.0,4.0,0.0,6.0,6.0,7.0,0.0,0.0,8.0,9.0,9.0,-218.0,31.0,0.0,0.0,17.0,66.0,0.0,0.0,0.0,0.0,0.0,-29.0,28.0,41.0,6.0,1.0,0.0,1.0,1.0,11.0,0.0,0.0,0.0,0.0,0.0,2.0,7.0,5.0
https://github.com/Eyescale/Equalizer,2012-02-10,2012-02-24,2012-03-21,297.17174061946747,215.89097774814465,10.239995815071953,10.11388085995049,13.0,14.0,444.0,-29.0,-268.0,308.0,375.0,3927.0,400.0,0.0,0.0,35.0,78.0,138.0,-6706.0,-6229.0,5.0,1.0,17.0,10.0,17.0,39.0,4.0,0.0,1.0,1.0,9.0,11.0,21.0,9.0,49.0,0.0,300.0,65.0,52.0,887.0,1022.0,363.0,0.0,31.0,48.0,198.0,869.0,100.0,8.0,0.0,14.0,9.0,5.0,14.0,15.0,5.0,0.0,1.0,13.0,15.0,16.0,16.0
https://github.com/Eyescale/Equalizer,2012-09-06,2012-10-30,2012-11-20,-677.8010640704177,38.65708763832372,2.278478570119196,5.6365133859038234,10.0,11.0,-5.0,0.0,13.0,39.0,70.0,23.0,70.0,32.0,0.0,0.0,0.0,0.0,0.0,5.0,5.0,0.0,3.0,16.0,6.0,9.0,11.0,6.0,0.0,0.0,0.0,0.0,0.0,2.0,0.0,0.0,0.0,82.0,0.0,0.0,0.0,0.0,9.0,46.0,21.0,0.0,-2.0,204.0,0.0,1.0,0.0,1.0,0.0,0.0,0.0,1.0,5.0,2.0,6.0,0.0,1.0,5.0
https://github.com/Eyescale/Equalizer,2012-11-20,2013-03-04,2013-05-06,-5.015824032444132,225.7513015925096,3.8051078866817556,2.388902662354599,10.0,11.0,15.0,16.0,240.0,-2.0,0.0,49.0,695.0,21.0,11.0,774.0,148.0,0.0,0.0,27.0,10.0,9.0,1.0,2.0,0.0,3.0,11.0,3.0,2.0,5.0,7.0,0.0,0.0,3.0,4.0,21.0,0.0,0.0,0.0,0.0,-559.0,12.0,64.0,0.0,852.0,0.0,0.0,9.0,2.0,5.0,1.0,0.0,0.0,0.0,6.0,9.0,5.0,0.0,1.0,0.0,0.0,3.0
https://github.com/Eyescale/Equalizer,2013-08-21,2013-10-01,2013-10-16,4.1706245689826735,18.042175796976387,0.439013112524492,0.3979891719921262,8.0,9.0,224.0,0.0,0.0,0.0,0.0,0.0,0.0,0.0,0.0,0.0,0.0,0.0,0.0,0.0,3.0,0.0,0.0,0.0,0.0,0.0,0.0,0.0,0.0,0.0,0.0,0.0,0.0,0.0,132.0,6.0,0.0,16.0,0.0,0.0,0.0,0.0,0.0,0.0,0.0,0.0,16.0,0.0,2.0,3.0,0.0,1.0,0.0,0.0,0.0,0.0,0.0,0.0,0.0,0.0,1.0,0.0
https://github.com/Eyescale/Equalizer,2013-10-01,2013-10-16,2013-12-03,14.990925478370087,-144.86913858826253,0.33165764332677183,2.6199959038497314,9.0,10.0,46.0,0.0,0.0,0.0,422.0,17.0,11.0,121.0,-2.0,0.0,0.0,0.0,258.0,-9901.0,1.0,0.0,0.0,0.0,2.0,2.0,2.0,4.0,9.0,0.0,0.0,0.0,4.0,8.0,0.0,0.0,0.0,0.0,0.0,0.0,0.0,0.0,0.0,0.0,0.0,0.0,2.0,0.0,0.0,0.0,0.0,0.0,0.0,0.0,0.0,0.0,0.0,0.0,0.0,0.0,2.0,0.0
https://github.com/Eyescale/Equalizer,2014-12-05,2015-03-22,2015-05-09,-42.58468367438643,69.0522901601953,0.8533816812088011,0.5034188833064055,8.0,9.0,128.0,1.0,0.0,0.0,714.0,0.0,0.0,0.0,0.0,0.0,0.0,0.0,0.0,0.0,2.0,2.0,0.0,0.0,1.0,0.0,0.0,0.0,0.0,0.0,0.0,0.0,0.0,0.0,0.0,0.0,0.0,0.0,0.0,0.0,0.0,1.0,0.0,0.0,28.0,0.0,714.0,0.0,0.0,0.0,0.0,0.0,0.0,0.0,0.0,2.0,0.0,0.0,2.0,0.0,2.0,0.0
https://github.com/Eyescale/Equalizer,2015-12-04,2016-03-03,2016-06-10,-7.312759613930818,0.404304249242339,0.5318370628313323,0.4649498866286898,5.0,6.0,4.0,0.0,0.0,4.0,0.0,0.0,0.0,0.0,0.0,0.0,0.0,0.0,0.0,0.0,1.0,0.0,0.0,1.0,0.0,0.0,0.0,0.0,0.0,0.0,0.0,0.0,0.0,0.0,-275.0,0.0,0.0,0.0,126.0,51.0,0.0,0.0,0.0,0.0,23.0,0.0,0.0,0.0,2.0,0.0,0.0,0.0,7.0,1.0,0.0,0.0,0.0,0.0,4.0,0.0,0.0,0.0
https://github.com/Eyescale/Equalizer,2016-03-03,2016-06-10,2016-07-29,0.03032281869317542,-3.4228552830222694,0.45484228039763136,0.2869459518701304,6.0,7.0,37.0,0.0,0.0,0.0,-14.0,0.0,0.0,0.0,0.0,0.0,0.0,0.0,0.0,0.0,1.0,0.0,0.0,0.0,4.0,0.0,0.0,0.0,0.0,0.0,0.0,0.0,0.0,0.0,0.0,0.0,51.0,0.0,-62.0,0.0,0.0,0.0,0.0,0.0,130.0,0.0,0.0,37.0,0.0,0.0,2.0,0.0,4.0,0.0,0.0,0.0,0.0,0.0,5.0,0.0,0.0,1.0
https://github.com/plone/Products.CMFPlone,2008-10-06,2009-03-16,2009-07-07,0.07454932817163602,0.19477387509325997,0.02484977605721201,0.017706715917569088,6.0,7.0,3.0,0.0,0.0,0.0,0.0,0.0,0.0,0.0,0.0,0.0,0.0,0.0,0.0,0.0,1.0,0.0,0.0,0.0,0.0,0.0,0.0,0.0,0.0,0.0,0.0,0.0,0.0,0.0,0.0,0.0,0.0,0.0,0.0,0.0,0.0,0.0,0.0,0.0,0.0,0.0,0.0,0.0,0.0,0.0,0.0,0.0,0.0,0.0,0.0,0.0,0.0,0.0,0.0,0.0,0.0,0.0
https://github.com/plone/Products.CMFPlone,2009-07-14,2009-11-11,2010-01-21,0.8605503627255751,1.8597142626523528,0.02506457367161869,0.028177488828065953,7.0,8.0,0.0,0.0,0.0,0.0,0.0,0.0,0.0,0.0,0.0,0.0,0.0,0.0,0.0,0.0,1.0,0.0,0.0,0.0,0.0,0.0,0.0,0.0,0.0,0.0,0.0,0.0,0.0,0.0,0.0,0.0,0.0,0.0,0.0,0.0,0.0,0.0,0.0,0.0,0.0,0.0,0.0,0.0,0.0,0.0,0.0,0.0,0.0,0.0,0.0,0.0,0.0,0.0,0.0,0.0,0.0,0.0
https://github.com/plone/Products.CMFPlone,2009-11-11,2010-01-21,2010-08-19,0.0,2.0377005609976737,0.014088744414032977,0.01899953903028134,8.0,9.0,132.0,0.0,0.0,0.0,0.0,0.0,1.0,0.0,0.0,0.0,0.0,0.0,0.0,0.0,1.0,0.0,0.0,0.0,0.0,0.0,1.0,0.0,0.0,0.0,0.0,0.0,0.0,0.0,0.0,0.0,0.0,0.0,0.0,0.0,0.0,0.0,0.0,0.0,0.0,0.0,0.0,0.0,0.0,0.0,0.0,0.0,0.0,0.0,0.0,0.0,0.0,0.0,0.0,0.0,0.0,0.0
https://github.com/plone/Products.CMFPlone,2010-01-21,2010-08-19,2010-12-06,0.6412344422719952,595.048061594147,0.014249654272711005,0.06425707590143975,9.0,10.0,294.0,0.0,0.0,0.0,0.0,0.0,0.0,0.0,0.0,0.0,0.0,0.0,0.0,0.0,1.0,0.0,0.0,0.0,0.0,0.0,0.0,0.0,0.0,0.0,0.0,0.0,0.0,0.0,0.0,0.0,0.0,0.0,0.0,0.0,0.0,0.0,0.0,0.0,0.0,0.0,0.0,0.0,0.0,0.0,0.0,0.0,0.0,0.0,0.0,0.0,0.0,0.0,0.0,0.0,0.0,0.0
https://github.com/plone/Products.CMFPlone,2011-12-19,2012-01-11,2012-02-15,10.58032701008865,6.086415617972152,0.41985424643208935,0.4019331068472176,25.0,26.0,11.0,0.0,0.0,0.0,0.0,9.0,0.0,0.0,0.0,0.0,0.0,0.0,0.0,0.0,1.0,0.0,0.0,0.0,0.0,1.0,0.0,0.0,0.0,0.0,0.0,0.0,0.0,0.0,0.0,0.0,0.0,0.0,0.0,5.0,9.0,7.0,0.0,0.0,0.0,0.0,0.0,0.0,0.0,0.0,0.0,0.0,0.0,2.0,3.0,1.0,0.0,0.0,0.0,0.0,0.0,0.0
https://github.com/plone/Products.CMFPlone,2013-02-10,2013-02-25,2013-03-17,105.21788005332616,2.579033301812566,2.0066982845516748,0.43794905125119044,35.0,36.0,4.0,1.0,0.0,4.0,0.0,0.0,0.0,13.0,21.0,0.0,0.0,0.0,0.0,0.0,1.0,1.0,0.0,1.0,0.0,0.0,0.0,1.0,4.0,0.0,0.0,0.0,0.0,0.0,153.0,0.0,0.0,0.0,0.0,0.0,0.0,-19.0,4.0,0.0,0.0,0.0,0.0,3.0,1.0,0.0,0.0,0.0,0.0,0.0,2.0,4.0,3.0,0.0,0.0,0.0,0.0,1.0
https://github.com/plone/Products.CMFPlone,2013-03-28,2013-04-18,2013-05-13,-36.70427729636049,0.48237233393676404,1.5333379549393416,0.32158155595784266,34.0,35.0,1.0,0.0,0.0,0.0,0.0,3.0,3.0,0.0,0.0,0.0,0.0,0.0,3.0,0.0,1.0,0.0,0.0,0.0,0.0,3.0,1.0,0.0,0.0,0.0,0.0,0.0,1.0,0.0,0.0,0.0,6.0,5.0,4.0,0.0,0.0,1.0,0.0,0.0,0.0,0.0,0.0,0.0,0.0,6.0,4.0,4.0,2.0,0.0,0.0,1.0,0.0,0.0,0.0,0.0,0.0,0.0
https://github.com/plone/Products.CMFPlone,2013-11-17,2014-01-01,2014-02-13,-524.5532104057913,-52.961744670931644,0.22188283507710815,0.8858038281229764,35.0,36.0,9.0,0.0,0.0,0.0,0.0,0.0,0.0,0.0,0.0,0.0,0.0,0.0,0.0,0.0,2.0,0.0,0.0,0.0,0.0,0.0,0.0,0.0,0.0,0.0,0.0,0.0,0.0,0.0,0.0,0.0,0.0,0.0,0.0,0.0,0.0,0.0,0.0,0.0,0.0,0.0,0.0,0.0,0.0,0.0,0.0,0.0,0.0,0.0,0.0,0.0,0.0,0.0,0.0,0.0,0.0,0.0
https://github.com/plone/Products.CMFPlone,2016-10-23,2016-11-13,2016-12-31,3994.894474303337,-7.06690491220937,1.9373400211120386,1.643466258653342,28.0,29.0,-375.0,0.0,3.0,3.0,0.0,0.0,0.0,-518.0,0.0,0.0,0.0,7.0,0.0,0.0,11.0,0.0,2.0,1.0,0.0,0.0,0.0,1.0,0.0,1.0,0.0,19.0,0.0,0.0,0.0,0.0,0.0,-5.0,37.0,156.0,0.0,438.0,60.0,100.0,0.0,0.0,0.0,-81.0,0.0,0.0,0.0,1.0,2.0,1.0,0.0,5.0,1.0,8.0,0.0,0.0,0.0,4.0
https://github.com/jenkinsci/warnings-plugin,2018-04-05,2018-04-26,2018-05-17,683.0861231740691,1810.6629484425912,4.291340994392449,13.522678659001034,11.0,12.0,26118.0,116.0,0.0,556.0,282.0,669.0,671.0,0.0,0.0,173.0,761.0,3685.0,4380.0,0.0,222.0,1.0,0.0,3.0,3.0,4.0,3.0,0.0,0.0,2.0,6.0,12.0,6.0,0.0,472.0,0.0,0.0,449.0,21.0,118.0,4004.0,1196.0,0.0,0.0,995.0,641.0,-10.0,-31.0,8.0,0.0,0.0,1.0,3.0,2.0,15.0,5.0,2.0,0.0,3.0,2.0,1.0,4.0
https://github.com/aptana/Pydev,2011-01-23,2011-02-21,2011-03-10,947.7477304477654,345.07170438178713,1.2097877590602062,1.8792196290362813,5.0,6.0,189.0,997.0,2904.0,610.0,0.0,0.0,278.0,606.0,53.0,0.0,1034.0,0.0,0.0,0.0,1.0,5.0,3.0,7.0,0.0,0.0,4.0,2.0,3.0,0.0,5.0,0.0,0.0,0.0,0.0,5.0,0.0,0.0,0.0,0.0,0.0,13687.0,0.0,157.0,161.0,1044.0,0.0,0.0,0.0,1.0,1.0,0.0,0.0,0.0,0.0,6.0,0.0,2.0,6.0,4.0,0.0,0.0
https://github.com/aptana/Pydev,2011-02-21,2011-03-10,2011-03-25,344.7193507013429,635.6640560140503,1.8204940156288976,4.310500061972793,6.0,7.0,563.0,0.0,0.0,283.0,214.0,810.0,2222.0,113.0,0.0,0.0,0.0,1989.0,856.0,1664.0,4.0,0.0,0.0,1.0,1.0,5.0,10.0,3.0,0.0,0.0,0.0,10.0,15.0,6.0,606.0,0.0,0.0,278.0,606.0,53.0,0.0,1034.0,0.0,0.0,0.0,0.0,0.0,-801.0,5.0,0.0,0.0,4.0,2.0,3.0,0.0,5.0,0.0,0.0,0.0,0.0,0.0,1.0
https://github.com/aptana/Pydev,2011-03-10,2011-03-25,2011-04-20,631.4882590790141,240.64757263582655,4.175796935036143,2.545128234664622,7.0,8.0,3.0,0.0,0.0,0.0,81.0,733.0,1568.0,0.0,0.0,230.0,0.0,198.0,237.0,202.0,5.0,0.0,0.0,0.0,5.0,3.0,5.0,0.0,0.0,2.0,0.0,4.0,5.0,3.0,0.0,0.0,283.0,214.0,424.0,2608.0,113.0,0.0,0.0,0.0,1989.0,630.0,1890.0,662.0,0.0,0.0,1.0,1.0,2.0,13.0,3.0,0.0,0.0,0.0,10.0,12.0,9.0,7.0
https://github.com/eucalyptus/eucalyptus,2010-02-03,2010-02-23,2010-03-26,494.88282384148135,-373.44685347855585,4.106706096664962,8.494797326912801,11.0,12.0,19.0,25.0,21.0,124.0,1104.0,5.0,0.0,33.0,14.0,1586.0,357.0,-77.0,10.0,-627.0,3.0,6.0,6.0,10.0,3.0,11.0,2.0,11.0,6.0,7.0,2.0,5.0,2.0,10.0,29.0,0.0,30.0,0.0,0.0,3.0,50.0,-186.0,108.0,868.0,0.0,0.0,196.0,327.0,7.0,4.0,8.0,1.0,0.0,1.0,3.0,9.0,1.0,9.0,0.0,0.0,4.0,2.0
https://github.com/eucalyptus/eucalyptus,2010-02-23,2010-03-26,2010-05-13,-373.51169925967736,2187.137794104145,8.462374436352064,11.587319975600177,12.0,13.0,2.0,2.0,964.0,842.0,-2229.0,818.0,480.0,201.0,0.0,2411.0,3293.0,1140.0,4985.0,30.0,1.0,2.0,8.0,14.0,21.0,3.0,2.0,1.0,0.0,9.0,25.0,43.0,23.0,20.0,223.0,267.0,-3.0,79.0,15.0,890.0,-1556.0,74.0,0.0,7.0,-5872.0,201.0,-5691.0,-2885.0,20.0,24.0,3.0,16.0,5.0,3.0,25.0,4.0,0.0,4.0,37.0,2.0,11.0,3.0
https://github.com/eucalyptus/eucalyptus,2012-02-21,2012-03-12,2012-04-12,86.61745879432314,701.012608847513,1.1872181673693636,4.507069512716958,12.0,13.0,13.0,-6.0,0.0,-168.0,0.0,0.0,46.0,0.0,-162.0,5120.0,1849.0,0.0,0.0,326.0,2.0,2.0,0.0,2.0,0.0,0.0,5.0,0.0,4.0,10.0,6.0,0.0,0.0,6.0,0.0,0.0,14.0,0.0,0.0,-11.0,1568.0,14.0,8.0,102.0,9.0,0.0,0.0,33.0,0.0,0.0,1.0,0.0,0.0,2.0,2.0,1.0,2.0,11.0,1.0,0.0,0.0,2.0
https://github.com/eucalyptus/eucalyptus,2012-05-21,2012-06-07,2012-06-29,635.3289506149148,65.65990092665693,5.743956399445124,3.5085443243251797,15.0,16.0,502.0,5.0,26.0,433.0,157.0,91.0,33.0,60.0,113.0,8.0,0.0,-2.0,0.0,0.0,7.0,6.0,1.0,20.0,9.0,11.0,6.0,1.0,10.0,2.0,0.0,2.0,0.0,0.0,39.0,4602.0,0.0,3.0,-240.0,54.0,-17.0,178.0,10.0,0.0,0.0,95.0,77.0,524.0,10.0,5.0,0.0,1.0,9.0,4.0,6.0,6.0,1.0,0.0,2.0,3.0,2.0,9.0
https://github.com/eucalyptus/eucalyptus,2012-12-10,2013-01-03,2013-01-25,745.2833367219496,2577.3126773477416,3.8060937000784225,7.5964232669769745,25.0,26.0,186.0,152.0,11.0,0.0,70.0,2005.0,2125.0,2485.0,29710.0,1515.0,449.0,5960.0,3524.0,1142.0,9.0,6.0,2.0,0.0,6.0,19.0,13.0,21.0,15.0,2.0,6.0,5.0,8.0,6.0,199.0,3124.0,0.0,0.0,0.0,0.0,519.0,2104.0,75.0,0.0,0.0,136.0,2926.0,41.0,7.0,5.0,0.0,0.0,0.0,0.0,8.0,11.0,4.0,0.0,0.0,5.0,1.0,7.0
https://github.com/eucalyptus/eucalyptus,2013-01-03,2013-01-25,2013-02-12,2570.2588557426916,8081.605252790546,7.551206461816397,7.885489166119502,26.0,27.0,1543.0,2022.0,1754.0,1468.0,774.0,2621.0,5552.0,43739.0,14.0,-139.0,2147.0,14329.0,29894.0,2949.0,5.0,1.0,3.0,7.0,6.0,4.0,6.0,4.0,1.0,1.0,53.0,13.0,16.0,5.0,29729.0,1515.0,243.0,6543.0,3149.0,1687.0,704.0,29.0,0.0,1.0,227.0,1841.0,2749.0,1411.0,9.0,2.0,8.0,4.0,8.0,6.0,4.0,1.0,0.0,3.0,7.0,21.0,11.0,1.0
https://github.com/eucalyptus/eucalyptus,2014-09-23,2014-12-16,2015-02-10,632.2433658231347,107.88194262538983,4.345151143411016,3.7928643178412345,16.0,17.0,21.0,487.0,1181.0,218.0,199.0,257.0,863.0,138.0,0.0,0.0,0.0,0.0,21.0,-24.0,1.0,6.0,8.0,2.0,3.0,5.0,9.0,4.0,0.0,0.0,0.0,0.0,1.0,2.0,74.0,643.0,5965.0,30.0,8.0,16.0,44.0,-772.0,290.0,327.0,337.0,91.0,-4.0,279.0,2.0,5.0,3.0,2.0,1.0,5.0,8.0,7.0,6.0,2.0,5.0,1.0,3.0,5.0
https://github.com/eucalyptus/eucalyptus,2015-06-12,2015-07-21,2015-09-09,47.4681900184706,132.9857238649741,4.359850061479094,3.0155945793078676,15.0,16.0,484.0,831.0,153.0,189.0,308.0,59.0,564.0,278.0,82.0,0.0,-38.0,0.0,0.0,34.0,6.0,3.0,1.0,3.0,1.0,2.0,5.0,2.0,2.0,0.0,1.0,0.0,0.0,3.0,24.0,22.0,33.0,-57.0,0.0,-59.0,0.0,384.0,-3120.0,-1624.0,3.0,0.0,-6.0,-3910.0,2.0,1.0,3.0,4.0,0.0,2.0,0.0,1.0,4.0,5.0,1.0,0.0,1.0,4.0
https://github.com/eucalyptus/eucalyptus,2015-12-14,2016-02-03,2016-02-24,650.3665843984797,-290.60162996043135,2.2440009267986283,4.444165300425141,16.0,17.0,-5.0,341.0,3205.0,205.0,0.0,1488.0,-11021.0,204.0,382.0,1474.0,184.0,0.0,273.0,43.0,1.0,1.0,2.0,1.0,0.0,5.0,16.0,3.0,7.0,6.0,1.0,0.0,3.0,2.0,0.0,2601.0,-61.0,12.0,0.0,469.0,180.0,1794.0,424.0,1121.0,255.0,0.0,41.0,0.0,0.0,7.0,3.0,1.0,0.0,6.0,5.0,7.0,4.0,12.0,4.0,0.0,4.0,0.0
https://github.com/eucalyptus/eucalyptus,2016-02-03,2016-02-24,2016-03-10,-274.3219507546634,-546.9358105099303,4.397384613052245,4.014698878223124,17.0,18.0,-10518.0,978.0,0.0,105.0,565.0,415.0,-2125.0,268.0,0.0,-4.0,426.0,655.0,2.0,693.0,8.0,8.0,0.0,2.0,3.0,3.0,5.0,7.0,0.0,3.0,1.0,3.0,2.0,7.0,557.0,1500.0,184.0,0.0,242.0,74.0,12.0,-5034.0,41.0,774.0,-101.0,-41.0,1042.0,670.0,5.0,10.0,1.0,0.0,2.0,3.0,1.0,7.0,1.0,7.0,2.0,1.0,10.0,17.0
https://github.com/eucalyptus/eucalyptus,2016-06-17,2016-08-04,2016-08-25,60.702929674512426,173.97136626134917,1.6145511519645792,1.9366891166753504,15.0,16.0,53.0,407.0,0.0,0.0,115.0,205.0,0.0,0.0,0.0,0.0,0.0,0.0,0.0,0.0,1.0,2.0,0.0,0.0,1.0,4.0,0.0,1.0,0.0,0.0,0.0,0.0,0.0,0.0,43.0,-7.0,0.0,788.0,2.0,0.0,28.0,138.0,0.0,0.0,0.0,0.0,0.0,54.0,3.0,6.0,0.0,2.0,1.0,0.0,2.0,2.0,0.0,0.0,0.0,0.0,1.0,2.0
