Repo,StartPeriod,MidPeriod,EndPeriod,PrePeriodAvgChurn,PostPeriodAvgChurn,PrePeriodAvgCommits,PostPeriodAvgCommits,PrePeriodCommitters,PostPeriodCommitters,DailyChurn,DailyCommits,DailyChurnPrior,DailyCommitsPrior
https://github.com/mono/monotouch-bindings,2012-04-24,2012-06-26,2012-07-20,68.21882233721495,57.442024035274464,0.3190777471338398,0.37435062731170904,7.0,8.0,"[0, 0, 0, 0, 0, 0, 0, -5, 0, 0, 0, 0, 0, 0]","[1, 0, 1, 0, 0, 0, 0, 4, 0, 0, 0, 0, 0, 0]","[0, 0, 0, 0, 0, 0, 273, -9, 0, 0, 77, 0, 0, 0]","[0, 0, 0, 0, 0, 0, 2, 4, 0, 0, 1, 0, 0, 0]"
https://github.com/mono/monotouch-bindings,2012-08-16,2012-09-04,2012-12-08,23.016667938151688,106.12971915038595,0.26578138496710957,0.3600130151764065,8.0,9.0,"[352, 0, 1856, 32, 0, 0, 0, 0, -2, 1396, 5, 0, 0, 0]","[2, 0, 2, 1, 0, 0, 0, 0, 1, 3, 1, 0, 0, 0]","[39, 0, 0, 0, 0, 0, 0, 0, 0, 0, 0, 0, 0, 0]","[4, 0, 0, 0, 0, 0, 0, 0, 0, 0, 0, 0, 0, 0]"
https://github.com/mono/monotouch-bindings,2012-09-04,2012-12-08,2013-01-04,106.12971915038595,996.7746506534478,0.3494243970829828,1.0739563108606318,9.0,10.0,"[0, 0, 1, 0, 0, -31675, 871, 0, 0, 136, -1, 0, 0, 0]","[2, 0, 4, 0, 0, 7, 2, 0, 0, 2, 2, 0, 0, 0]","[0, 0, 0, 0, 0, 0, 0, 0, 0, 0, 0, 54, 0, 0]","[0, 0, 1, 0, 0, 0, 0, 0, 0, 0, 0, 2, 0, 2]"
https://github.com/mono/monotouch-bindings,2013-03-28,2013-05-10,2013-05-27,518.065326262952,1438.9634036606926,1.508813691960361,1.257635264600955,8.0,9.0,"[1981, 4647, 0, 2359, 5, -5, 0, 11540, 0, 0, 3450, 0, 1116, 0]","[2, 1, 0, 2, 1, 2, 0, 3, 0, 0, 4, 0, 3, 0]","[-51, 0, 8, 0, 0, 0, 0, 0, 0, 0, 0, 0, 0, 0]","[2, 0, 3, 2, 0, 0, 0, 0, 0, 0, 0, 0, 2, 0]"
https://github.com/twitter/twitter-text,2013-03-18,2013-07-25,2013-09-13,1.381325856181409,0.7988178605133653,0.13968463714194024,0.07988178605133653,7.0,8.0,"[1, 0, 0, 0, 0, 0, 0, 0, 0, 0, 0, 0, 0, 0]","[1, 0, 0, 0, 0, 0, 0, 0, 0, 0, 0, 0, 0, 0]","[0, 0, 0, 0, 0, 0, 0, 0, 0, 0, 0, 0, 0, 1]","[0, 0, 0, 0, 0, 0, 0, 0, 0, 0, 0, 0, 0, 1]"
https://github.com/twitter/twitter-text,2014-02-06,2014-03-11,2014-04-03,42.39623178326431,68.70531524119632,0.3338285967186166,1.7103326805640855,9.0,10.0,"[54, 98, 23, 0, 0, 0, 1385, 0, 0, 93, -10, 0, 0, 0]","[9, 9, 5, 0, 0, 0, 2, 1, 0, 11, 2, 0, 0, 0]","[1377, 0, 0, 0, 0, 0, 0, 0, 0, 0, 0, 0, 0, 0]","[5, 1, 0, 0, 0, 0, 0, 0, 0, 0, 0, 0, 0, 0]"
https://github.com/twitter/twitter-text,2014-04-03,2014-05-14,2014-09-05,37.287423027852824,38.96237627867093,0.1482601313234705,0.6584448447274267,10.0,11.0,"[18, 0, 0, 0, 0, 6, 21, 0, 0, -4, 0, 0, 0, 0]","[5, 0, 0, 0, 0, 2, 4, 0, 1, 1, 0, 0, 0, 0]","[0, 0, 124, 0, 0, 0, 0, 0, 0, 0, 0, 0, 0, 0]","[0, 0, 4, 0, 0, 0, 0, 0, 0, 0, 0, 0, 0, 1]"
https://github.com/twitter/twitter-text,2016-12-07,2016-12-23,2017-03-06,168.2994769662135,45.35611477036732,0.2532723505887336,0.15014061464761977,5.0,6.0,"[28, 0, 0, 0, 162, 2656, 0, 0, 0, 0, 0, 0, 0, 0]","[1, 0, 0, 0, 3, 3, 0, 0, 0, 0, 0, 0, 0, 0]","[0, 0, 0, 0, 0, 0, 0, 0, 0, 0, 0, 0, 0, 0]","[0, 0, 0, 0, 0, 0, 0, 0, 0, 0, 1, 0, 0, 0]"
https://github.com/twitter/twitter-text,2016-12-23,2017-03-06,2017-06-09,45.4380096510842,-4.018922082962543,0.13649146786147254,0.15822527885679305,6.0,7.0,"[-480, 0, 0, 0, 0, 0, 0, 0, 0, 0, 0, 0, 0, 0]","[14, 0, 0, 0, 0, 0, 0, 0, 0, 0, 0, 0, 0, 0]","[0, 0, 0, 0, 0, 0, 0, 0, 0, 0, 0, 0, 0, 483]","[0, 0, 0, 0, 0, 0, 0, 0, 0, 0, 0, 0, 0, 1]"
https://github.com/voldemort/voldemort,2011-03-09,2011-04-17,2011-06-09,183.11340460245518,175.10041768012428,2.5140254484506315,1.0148569877349696,6.0,7.0,"[0, 0, 42, 0, 0, 0, 0, 0, 0, 0, 0, 248, 1, 0]","[0, 0, 1, 0, 0, 0, 0, 0, 0, 0, 1, 2, 1, 0]","[0, -22, 0, 0, 102, 65, 0, 9, 333, 21, -8, 18, 0, 48]","[0, 5, 0, 0, 3, 1, 0, 2, 3, 2, 1, 2, 0, 1]"
https://github.com/voldemort/voldemort,2011-06-10,2011-07-21,2011-08-12,539.0066501119645,70.44398138185232,1.2195824285273882,1.5075560217906139,7.0,8.0,"[45, -1, 0, 0, 62, 61, 56, 87, 0, 0, 0, 1190, 0, 0]","[3, 3, 0, 0, 1, 1, 3, 1, 0, 0, 0, 4, 0, 0]","[152, 0, 0, 0, 0, 1079, 5858, 87, 4730, 0, 0, 0, 1582, -2]","[1, 0, 0, 0, 0, 1, 5, 3, 5, 0, 1, 1, 1, 1]"
https://github.com/voldemort/voldemort,2012-05-22,2012-06-06,2012-07-10,65.3943259974917,219.79748759520191,0.5421291274403458,1.769943531836279,8.0,9.0,"[616, 481, 0, 0, 0, 0, 322, 0, 0, 0, 0, 10, 0, 774]","[4, 5, 0, 0, 0, 0, 3, 0, 0, 0, 0, 2, 0, 18]","[8, 4, 0, 0, 0, 0, 0, 261, 9, 0, 0, 0, 0, 683]","[1, 1, 0, 0, 0, 0, 0, 1, 1, 2, 0, 0, 0, 1]"
https://github.com/voldemort/voldemort,2012-08-28,2012-10-03,2012-12-06,318.43745411810266,463.3027586688665,0.8863180422526994,1.6589977035170678,9.0,10.0,"[7178, 0, 0, 0, 0, 2786, 14, 1099, 40, 0, 0, 258, 560, 69]","[11, 0, 0, 0, 0, 30, 2, 9, 2, 0, 0, 4, 10, 4]","[6, 371, 0, 5270, 0, 0, 0, 0, 0, 0, 0, 0, 6, 0]","[1, 3, 0, 1, 0, 0, 0, 0, 0, 0, 0, 0, 1, 0]"
https://github.com/voldemort/voldemort,2012-10-03,2012-12-06,2013-02-12,463.3185586469952,50.98382307944235,1.6431977253883339,1.077538820150345,10.0,11.0,"[285, 3, 0, 0, 0, 0, 0, 0, 0, 0, 0, 0, 0, 0]","[15, 1, 0, 0, 0, 0, 0, 0, 0, 0, 0, 0, 0, 0]","[0, 0, 0, 4, 67, -6, 0, 1036, 0, 0, 0, 0, 0, 0]","[0, 0, 0, 1, 1, 1, 0, 8, 0, 0, 0, 0, 0, 0]"
https://github.com/voldemort/voldemort,2013-05-02,2013-05-20,2013-06-21,223.2790361271424,421.69262035300494,1.6187730119217825,3.5130596161511867,8.0,9.0,"[-9, 0, 0, 0, 46, 0, 0, 0, 0, 7228, 0, 0, 0, 3]","[3, 0, 0, 0, 1, 0, 0, 0, 2, 2, 0, 0, 0, 1]","[0, 926, 56, 0, 0, 0, 634, 0, 6, 1460, 897, 2, 0, 0]","[0, 4, 1, 0, 0, 0, 3, 0, 1, 9, 8, 1, 0, 0]"
https://github.com/voldemort/voldemort,2013-10-28,2013-12-10,2014-02-03,106.06008515233603,97.21327532673303,1.396752657844636,0.6604411986718983,7.0,8.0,"[52, 70, 0, 8, 0, 0, 0, 1540, 0, 0, 0, 0, 0, 1316]","[3, 3, 0, 1, 0, 0, 0, 7, 0, 0, 0, 0, 0, 1]","[33, 29, 0, 0, 0, 0, 0, -5, 1444, -9, 0, 0, 0, 1740]","[2, 2, 0, 0, 0, 0, 0, 1, 22, 2, 0, 0, 0, 10]"
https://github.com/voldemort/voldemort,2014-08-26,2014-10-07,2014-11-12,183.7574804703597,61.23027232499432,1.4765375569157984,0.3078304367344321,7.0,8.0,"[636, 19, 0, 0, 0, 0, 0, 0, 30, 0, 0, 0, 0, 0]","[2, 1, 0, 0, 0, 0, 0, 0, 1, 0, 0, 0, 0, 0]","[0, 143, 0, 68, -2, 10, 111, 17, -50, 2372, 10, 0, 0, 95]","[0, 1, 2, 1, 1, 2, 4, 1, 4, 2, 1, 0, 0, 4]"
https://github.com/voldemort/voldemort,2014-12-23,2015-04-09,2015-05-15,25.48392108124903,154.27529966152474,0.7829734348298897,0.9720315910267084,6.0,7.0,"[-621, 0, 0, 0, 7, 0, 619, 0, 0, 0, 0, 239, 2, 0]","[4, 0, 0, 0, 1, 0, 6, 0, 0, 0, 0, 2, 1, 0]","[0, -336, 0, 28, 530, 0, 0, 0, 0, 0, 18, 12, 19, 30]","[0, 1, 0, 3, 2, 0, 0, 0, 0, 0, 1, 1, 2, 2]"
https://github.com/voldemort/voldemort,2016-03-11,2016-03-29,2016-04-18,42.93966090157663,33.436044587463236,0.44554771363503637,0.30258863880057224,5.0,6.0,"[577, 0, 0, 0, 0, 0, 0, 0, 0, 0, 20, 0, 0, 0]","[3, 0, 0, 0, 0, 0, 0, 0, 0, 0, 1, 0, 0, 0]","[0, 0, 22, 0, 0, 0, 0, 101, 40, 1, 0, 0, 0, 589]","[0, 0, 1, 0, 0, 0, 0, 1, 1, 2, 0, 0, 0, 2]"
https://github.com/twitter/twitter-cldr-rb,2013-10-08,2013-11-11,2014-05-06,-2135.5880844509343,668.4155510373164,0.5594167290001483,0.48175114968560556,6.0,7.0,"[2, 0, 0, 0, 0, 0, 0, 0, 0, 0, 0, 0, 0, 0]","[1, 0, 1, 0, 0, 0, 0, 0, 0, 0, 0, 0, 0, 0]","[0, 0, 0, -689, 0, 0, 0, 0, 0, 0, 0, 0, 0, 0]","[0, 0, 0, 1, 0, 0, 0, 0, 0, 0, 0, 0, 0, 0]"
https://github.com/webdetails/cdf,2009-09-11,2009-10-07,2010-02-02,48.29970520094393,6.003483450474123,0.5809908404283552,0.11007797581969478,5.0,6.0,"[207, 7, 0, 0, 0, 0, 0, 0, 0, 0, 0, 0, 0, 0]","[1, 1, 0, 0, 0, 0, 0, 0, 0, 0, 0, 0, 0, 0]","[16, 0, 783, 0, 0, 1, 0, 0, 0, 12, 0, 0, 0, 0]","[2, 0, 2, 0, 0, 1, 0, 0, 0, 1, 0, 0, 0, 0]"
https://github.com/webdetails/cdf,2009-10-07,2010-02-02,2010-03-18,5.935743157662003,1.011704755512668,0.1016104392181798,0.252926188878167,6.0,7.0,"[8, 0, 0, 0, 0, 0, 0, 0, 0, 0, 0, 0, 0, 0]","[1, 0, 0, 0, 0, 0, 0, 0, 1, 0, 0, 0, 0, 0]","[0, 0, 0, 0, 0, 139, 0, 0, 0, 0, 0, 0, 0, 0]","[0, 0, 0, 0, 0, 1, 0, 0, 0, 0, 0, 0, 0, 0]"
https://github.com/webdetails/cdf,2010-03-18,2010-04-06,2010-04-21,38.24569916971931,67.81888798509536,0.6646979802223945,2.327118705370919,7.0,8.0,"[182, 0, 8, 0, 0, 0, 3, 1, 176, 57, 166, 0, 0, 114]","[2, 1, 1, 0, 0, 0, 3, 2, 5, 4, 1, 0, 0, 5]","[0, 18, 0, 0, 0, 0, 131, 496, 99, 5, 0, 0, 0, 0]","[0, 1, 2, 0, 0, 0, 1, 2, 1, 2, 0, 0, 2, 0]"
https://github.com/webdetails/cdf,2010-04-06,2010-04-21,2010-05-24,59.84019528096649,62.94209616576715,2.2606295995031784,0.7616420155586539,8.0,9.0,"[92, 0, 0, 0, 0, 0, 39, -9, 0, 0, 0, 0, 2, 0]","[4, 0, 0, 0, 0, 0, 1, 1, 0, 0, 0, 1, 2, 0]","[0, 8, 0, 0, 0, 3, 1, 176, 223, 0, 0, 0, 114, 193]","[1, 1, 0, 0, 1, 2, 2, 6, 4, 0, 0, 0, 6, 9]"
https://github.com/webdetails/cdf,2010-12-13,2011-02-08,2011-06-17,17.96287394428386,70.27946856335387,0.2460667663600529,0.44196047088605145,5.0,6.0,"[71, -3, 186, 0, 0, 0, 0, 7, 0, 11, 0, 0, 0, 0]","[2, 2, 3, 0, 0, 1, 1, 6, 0, 1, 0, 0, 0, 0]","[0, 5, 5, 0, 0, 0, 0, 0, 0, 0, 3, 0, 0, 0]","[0, 3, 1, 0, 0, 0, 0, 0, 0, 1, 1, 0, 0, 0]"
https://github.com/webdetails/cdf,2011-06-17,2011-07-16,2011-08-19,2.6071978495184904,-98.78652712836231,0.4580212438343294,0.45933869051258264,5.0,6.0,"[28, 0, 0, 0, 0, 0, 0, 0, 0, 103, -1, 1417, 1, 41]","[1, 0, 0, 2, 0, 0, 0, 0, 0, 2, 1, 1, 1, 4]","[0, 0, 0, 0, 0, 0, 4, 0, 0, 28, 0, 0, 0, 24]","[0, 0, 0, 0, 0, 0, 1, 0, 0, 2, 0, 0, 0, 3]"
https://github.com/webdetails/cdf,2012-02-15,2012-03-03,2012-05-08,110.7978041643491,221.7907948260825,1.1027544678484196,0.8353988299845595,7.0,8.0,"[2468, 2468, 8060, 131, 56, 68, 0, 0, 0, 11, 211, 67, 0, 0]","[1, 1, 9, 1, 1, 5, 0, 0, 0, 2, 3, 3, 0, 0]","[0, 195, 0, 0, 1365, 0, 0, 0, 12, 0, 0, 36, -6, 0]","[0, 2, 0, 0, 4, 0, 0, 0, 2, 0, 3, 1, 4, 0]"
https://github.com/webdetails/cdf,2012-03-03,2012-05-08,2012-05-22,221.88192924389898,0.8484618355843323,0.8202097603484766,0.7070515296536103,8.0,9.0,"[-6, 66, 0, 0, 0, 0, 33, 0, 0, 4, 0, 0, 0, -99]","[1, 3, 0, 0, 0, 0, 2, 0, 0, 1, 0, 0, 0, 2]","[0, 0, 0, 0, 0, 137, 0, 0, 0, 0, 0, 0, 0, 40]","[0, 0, 0, 0, 0, 3, 0, 0, 0, 0, 0, 0, 0, 2]"
https://github.com/webdetails/cdf,2012-05-08,2012-05-22,2012-06-15,-0.14141030593072204,319.83592848536773,0.6363463766882492,0.7199696483383543,9.0,10.0,"[1443, 0, 24, 0, 0, 0, 8, 0, 10, 0, 0, 0, 0, 0]","[7, 0, 1, 0, 0, 0, 1, 0, 1, 0, 0, 0, 0, 0]","[0, 66, 0, 0, 0, 0, 33, 0, 0, 4, 0, 0, 0, -99]","[0, 3, 0, 0, 0, 0, 2, 0, 0, 1, 0, 0, 0, 2]"
https://github.com/webdetails/cdf,2012-06-15,2012-07-10,2012-08-26,0.7183421594144994,3.3672337140403177,0.3591710797072497,0.3860522729472976,10.0,11.0,"[5, 63, 34, 0, 0, 0, 0, 22, 0, 0, 22, 0, 0, 0]","[1, 5, 1, 0, 0, 0, 0, 4, 0, 0, 2, 0, 0, 0]","[0, 0, 0, 0, 0, 3, 0, 0, 0, 1, 0, 0, 0, 12]","[1, 0, 0, 0, 0, 1, 0, 0, 0, 1, 0, 0, 0, 2]"
https://github.com/webdetails/cdf,2013-05-03,2013-05-31,2013-06-25,7.04342525850558,45.506490038222516,0.9030032382699461,0.6409364794115847,12.0,13.0,"[13, 0, 0, 75, 0, 241, 174, 34, 0, 0, 0, 72, 0, 0]","[1, 0, 0, 2, 0, 3, 1, 1, 0, 0, 0, 1, 1, 0]","[9, 0, 0, 6, 0, 0, 31, 0, 0, 0, -43, 0, 314, 52]","[1, 0, 0, 1, 0, 0, 2, 0, 0, 0, 1, 0, 4, 2]"
https://github.com/webdetails/cdf,2013-10-08,2013-12-02,2013-12-19,10461.908527813894,608.8020713307758,0.6700663254152124,1.1126625005083437,12.0,13.0,"[211, 0, 272, 5, 0, 0, 0, 0, 0, 0, 0, 39, 0, 0]","[5, 0, 3, 1, 0, 0, 0, 0, 0, 0, 0, 1, 0, 0]","[0, -904, 3284, 0, 0, 0, 0, 0, 0, 6, 127, 566374, 10, -34]","[0, 1, 1, 2, 0, 0, 0, 0, 0, 2, 2, 3, 1, 1]"
https://github.com/webdetails/cdf,2013-12-02,2013-12-19,2014-03-05,613.3112825170465,-7922.519045237754,1.0541013162710624,0.8951924544930123,13.0,14.0,"[-77, 0, 0, 92, 0, 0, 0, 0, 0, 0, 0, 0, 0, 102]","[1, 0, 0, 1, 0, 0, 0, 0, 0, 0, 0, 0, 0, 2]","[5, 0, 0, 0, 0, 0, 0, 0, 39, 0, 0, 1597, 8272, 77]","[1, 0, 0, 0, 0, 0, 0, 0, 1, 0, 0, 2, 4, 2]"
https://github.com/webdetails/cdf,2013-12-19,2014-03-05,2014-04-04,-7922.57170361743,-1337.0078373193107,0.8820278595739974,3.9259610231235875,14.0,15.0,"[980, -5932, 0, 0, -5600, -742, 0, 0, 18270, -2800, 0, -2766, 7, -16]","[3, 6, 0, 0, 3, 7, 0, 0, 3, 1, 0, 4, 1, 3]","[0, 172, 0, 0, 34, -79944, -67002, 9568, 22816, 0, 0, 99, 0, 0]","[0, 6, 0, 0, 2, 5, 5, 7, 5, 0, 0, 1, 0, 0]"
https://github.com/webdetails/cdf,2014-03-05,2014-04-04,2014-08-05,-1337.0749477641505,232.45988406901586,3.892405800703728,1.766610451879822,15.0,16.0,"[6, 0, 2, -2, -53, 0, -3404, 0, 0, 0, 60, 38, 28847, 0]","[3, 0, 1, 5, 4, 0, 3, 0, 0, 0, 3, 6, 1, 0]","[1612, 0, 1379, 478, -56573, 10764, -238, 20, 0, 20, 300, -60, -2, 38]","[12, 0, 8, 8, 15, 5, 6, 1, 0, 1, 5, 2, 4, 2]"
https://github.com/webdetails/cdf,2014-08-07,2015-04-30,2015-05-18,-97.52841504970095,153.67519552677214,0.8457850601727777,1.698694128888417,15.0,16.0,"[60, 0, 0, -16, 0, -503, 102, 8, 0, 0, 0, 0, 0, 1998]","[2, 0, 0, 2, 0, 2, 4, 6, 0, 0, 0, 0, 0, 6]","[0, 0, 0, 0, 0, 0, 0, 0, 0, 0, 0, -33867, 0, 274]","[0, 0, 0, 0, 0, 0, 0, 0, 0, 0, 0, 59, 0, 6]"
https://github.com/webdetails/cdf,2015-07-22,2015-10-19,2015-11-12,103.21256997023075,630.3118501911508,1.3245332524727818,2.2990351986546385,16.0,17.0,"[14296, 298, -92, 174, 0, 0, 0, -9, 226, -1, 28, 68, 0, 68]","[6, 7, 8, 11, 0, 0, 0, 1, 2, 3, 4, 4, 0, 3]","[102, 2, 600, 0, 0, 0, 0, 14, 734, 0, 0, 19, 0, 0]","[2, 2, 3, 0, 0, 0, 0, 1, 4, 0, 1, 5, 0, 0]"
https://github.com/webdetails/cdf,2015-11-23,2015-12-09,2016-01-12,1098.8405842227821,136.82783809618923,2.8183611603498933,1.0272360217431624,15.0,16.0,"[0, 0, 0, 0, 0, 0, 0, -16, 701, -85, 0, 0, 100, 3672]","[2, 0, 0, 0, 0, 0, 0, 3, 3, 3, 0, 0, 6, 7]","[16713, 191, 183, 1, 0, 0, 122, -560, 0, 91, 91, 0, 0, 0]","[10, 9, 4, 1, 0, 0, 6, 6, 0, 1, 1, 0, 0, 0]"
https://github.com/webdetails/cdf,2016-06-07,2016-07-12,2016-08-01,0.2841309883318847,118.44649933949802,0.05682619766637694,0.15217965653896962,11.0,12.0,"[-16, 0, 0, 0, 0, 0, 0, 0, 0, 0, 0, 0, 0, 0]","[1, 0, 0, 0, 0, 0, 0, 0, 0, 0, 0, 0, 0, 0]","[0, 0, 0, 0, 0, 0, 0, 0, 0, 0, 0, 0, 0, -16]","[0, 0, 0, 0, 0, 0, 0, 0, 0, 0, 0, 0, 0, 1]"
https://github.com/webdetails/cdf,2016-10-28,2016-11-21,2016-12-13,0.1655250102734707,-19.86299468830794,0.37243127311530905,0.5429520188147956,11.0,12.0,"[134, 0, 0, 0, 139, 0, -419, -260, -54, 0, 0, 0, 0, 0]","[2, 0, 0, 0, 1, 0, 1, 3, 2, 0, 0, 0, 0, 0]","[0, 0, 0, 0, 0, 0, 0, 0, 0, 0, 0, 0, 0, 0]","[0, 0, 0, 0, 0, 0, 0, 0, 0, 0, 0, 0, 0, 0]"
https://github.com/webdetails/cdf,2016-12-13,2017-01-19,2017-02-03,0.9821126916215405,-6.2897756662005015,0.1091236324023934,0.39724898944424225,11.0,12.0,"[0, 0, 0, 0, 0, 0, 0, 0, -22, 0, 0, 0, 0, 0]","[2, 0, 0, 0, 0, 0, 0, 0, 1, 0, 0, 1, 1, 0]","[0, 34, 0, 0, 0, 0, 0, 0, 0, 0, 0, 0, 0, 0]","[0, 2, 0, 0, 0, 0, 0, 0, 0, 0, 0, 0, 0, 0]"
https://github.com/webdetails/cdf,2017-04-04,2017-07-13,2017-08-14,29.638274018163404,-439.5903522929531,0.140039094247144,0.2514818949044354,9.0,10.0,"[4, 0, 0, 1939, 0, 0, 0, 12, 0, 0, 0, 7, 0, 0]","[2, 0, 0, 1, 0, 0, 0, 2, 0, 0, 0, 1, 0, 0]","[0, 0, 0, 0, 0, 0, 0, 0, 0, 0, 0, 338, 0, 0]","[0, 0, 0, 0, 0, 0, 0, 0, 0, 0, 0, 2, 0, 0]"
https://github.com/webdetails/cdf,2017-10-03,2017-10-26,2017-11-30,1.6771839078743427,1740.0972356498921,0.4300471558652161,0.08584876507942502,10.0,11.0,"[60808, 0, 0, 0, 0, 0, 0, 0, 0, 0, 0, 0, 0, 0]","[2, 0, 0, 0, 0, 0, 0, 0, 0, 0, 0, 0, 0, 0]","[0, 0, 0, 0, 36, 0, 0, 0, 0, 0, 0, 0, 7, 0]","[0, 0, 0, 0, 2, 0, 0, 1, 0, 0, 0, 0, 1, 0]"
https://github.com/webdetails/cdf,2018-07-13,2018-08-22,2018-09-19,5.2316619349882965,24.589010689356517,0.29895211057075977,0.2838558232537549,11.0,12.0,"[194, 0, 0, 0, 0, 0, 0, 0, 0, 0, 0, 0, -19, 0]","[1, 0, 0, 0, 0, 0, 0, 0, 0, 0, 0, 0, 1, 0]","[0, 0, 0, 0, 0, 0, 0, 0, 0, 0, 0, 0, 0, 0]","[0, 0, 0, 0, 0, 0, 0, 0, 0, 0, 0, 0, 0, 0]"
https://github.com/webdetails/cdf,2018-10-29,2018-11-20,2018-12-09,4.0547026487396245,0.10633119829968538,0.32253316524065195,0.2658279957492134,8.0,9.0,"[2, 0, 0, 0, 0, 0, 0, 0, 0, 0, 0, 0, 0, 0]","[2, 0, 0, 0, 0, 0, 0, 0, 0, 0, 0, 0, 0, 2]","[0, 0, 0, 24, 0, 0, 0, -2, 0, 0, 0, 0, 0, 0]","[0, 0, 0, 3, 0, 0, 0, 2, 0, 0, 0, 0, 0, 0]"
https://github.com/webdetails/cdf,2019-04-08,2019-05-15,2019-07-03,53.442302742948144,-5.703144978441537,0.10677782765823804,0.1230894599663641,5.0,6.0,"[0, 0, 0, 0, 0, 0, 0, 0, 86, 0, 0, 0, 0, 0]","[1, 0, 0, 0, 0, 0, 0, 0, 2, 0, 0, 0, 0, 0]","[0, 0, 0, 0, 0, 0, 0, 0, 0, 0, 0, 1, 1, 0]","[0, 0, 0, 0, 0, 0, 0, 0, 0, 0, 0, 1, 1, 0]"
https://github.com/webdetails/cdf,2019-07-15,2019-08-21,2019-10-10,-879.279513541625,0.20072838382984182,0.3510421250550066,0.10036419191492091,6.0,7.0,"[0, 0, 0, 0, 0, 0, 0, 0, 0, 0, 0, 0, 0, 0]","[2, 0, 0, 0, 0, 0, 0, 0, 0, 0, 0, 0, 0, 0]","[-1290, 0, 0, 0, 0, 0, 0, 0, 0, -6, 0, 0, 0, 0]","[2, 0, 0, 0, 0, 0, 0, 0, 0, 1, 0, 0, 0, 0]"
https://github.com/webdetails/cdf,2019-08-21,2019-10-10,2019-10-29,-0.48174812119162036,16.319194434669626,0.08029135353193673,0.4157756543864873,7.0,8.0,"[34, 0, 0, 0, 120, 158, 0, 2, 0, 0, 0, 0, 0, 0]","[1, 0, 0, 0, 2, 2, 0, 2, 0, 0, 0, 0, 0, 0]","[0, 0, 0, 0, 0, 0, 0, 0, 0, 0, 0, 0, 0, 0]","[0, 0, 0, 0, 0, 0, 0, 0, 0, 0, 0, 0, 0, 0]"
https://github.com/rails/activeresource,2008-05-31,2008-07-19,2008-08-15,2.4994249861878126,-0.7439175698003907,0.2458450806086373,0.14878351396007813,6.0,7.0,"[4, 0, 0, 0, 0, 0, 0, 0, 4, 0, 0, 0, 0, 0]","[1, 0, 0, 0, 0, 0, 0, 0, 1, 0, 0, 0, 0, 0]","[0, 0, 0, 0, 0, 0, 0, 0, 0, 0, 0, 0, 0, 0]","[0, 0, 0, 0, 0, 0, 0, 0, 0, 0, 1, 0, 0, 0]"
https://github.com/rails/activeresource,2008-08-19,2009-03-24,2009-04-23,0.7018169013956552,0.36514200158827553,0.3509084506978276,0.36514200158827553,7.0,8.0,"[2, 0, 0, 0, 0, 0, 0, 0, 0, 0, 0, 0, 0, 0]","[5, 0, 0, 0, 0, 0, 0, 0, 0, 0, 0, 1, 0, 0]","[0, 0, 0, 0, 0, -5, -5, 0, 0, -187, 0, 3, 0, 0]","[0, 1, 1, 0, 0, 1, 1, 0, 0, 1, 1, 1, 0, 0]"
https://github.com/rails/activeresource,2009-07-01,2009-08-31,2009-10-15,26.050430175762145,10.185401051748784,0.3756488363903005,0.3645781137091287,9.0,10.0,"[44, 11, 0, 0, 0, 4, 0, 0, 0, 0, 0, -1, 0, 0]","[2, 1, 0, 0, 0, 1, 0, 0, 0, 0, 0, 1, 0, 0]","[0, 275, 0, 60, 7, 0, 0, 0, 0, 0, 0, 0, 0, 606]","[0, 5, 0, 1, 1, 0, 0, 0, 0, 0, 0, 0, 0, 1]"
https://github.com/rails/activeresource,2009-10-20,2009-12-02,2010-01-14,5.927984253791825,30.78582089242563,0.18524950793099454,0.45413866223298677,8.0,9.0,"[3, 0, 0, 0, 0, 0, 0, 0, 0, 0, 0, 0, 0, -4]","[1, 0, 0, 0, 0, 0, 0, 0, 0, 0, 0, 0, 0, 3]","[0, 0, 0, 0, 0, 0, 0, 0, 0, 0, 0, 0, 0, 0]","[0, 0, 0, 0, 0, 0, 0, 0, 0, 0, 0, 0, 0, 0]"
https://github.com/rails/activeresource,2009-12-02,2010-01-14,2010-02-01,29.3995028708723,10.411449707764382,0.430236627378619,0.8351430246869825,9.0,10.0,"[58, 1, 64, 22, 0, 22, 0, -9, 6, -9, 0, 0, 0, 0]","[1, 2, 3, 1, 0, 1, 0, 1, 1, 1, 1, 0, 0, 0]","[2, 0, 0, 616, -2, 0, 0, 0, 0, 0, 0, 0, 0, 0]","[3, 0, 0, 1, 2, 0, 0, 0, 0, 0, 0, 0, 0, 0]"
https://github.com/rails/activeresource,2010-03-12,2010-04-05,2010-06-11,2.0248505252243016,0.45071112199247704,0.41323480106618404,0.34554519352756574,7.0,8.0,"[22, 0, 0, 0, 0, 0, 0, 5, 0, 0, 0, 0, 0, 4]","[1, 0, 0, 1, 1, 0, 0, 1, 0, 0, 0, 0, 0, 1]","[0, 0, 0, 0, 51, 4, 0, 0, 0, 1, 0, 0, 0, 0]","[0, 0, 0, 1, 2, 2, 0, 0, 0, 2, 1, 0, 0, 0]"
https://github.com/rails/activeresource,2010-06-15,2010-07-22,2010-08-12,2.5546168901278197,0.7308979936257912,0.21975199054862965,0.5024923706177314,8.0,9.0,"[1, 0, 0, 0, -6, 5, 0, 0, 0, 0, 0, 12, 0, 0]","[2, 1, 1, 0, 3, 1, 0, 0, 0, 0, 0, 1, 0, 0]","[0, 0, 0, 0, 0, 0, 0, 0, 0, 0, 0, 0, 0, 0]","[0, 0, 0, 0, 0, 0, 0, 0, 0, 0, 0, 0, 0, 1]"
https://github.com/rails/activeresource,2010-07-22,2010-08-12,2010-09-27,0.7308979936257912,2.9911808932901636,0.4568112460161195,0.7152823875259087,9.0,10.0,"[0, 0, 0, 0, 0, 0, 0, -17, 0, 0, 0, 0, 15, 15]","[2, 3, 0, 0, 0, 1, 0, 1, 0, 0, 0, 2, 1, 3]","[0, 0, 0, 12, 0, 0, 0, 0, 0, 0, 4, 0, 0, 0]","[0, 0, 0, 1, 0, 0, 0, 0, 0, 0, 1, 0, 0, 0]"
https://github.com/rails/activeresource,2011-01-02,2011-01-29,2011-05-01,0.0,0.37713842726291785,0.14754142451757668,0.15085537090516715,11.0,12.0,"[0, 0, 0, 0, 0, 0, 0, 0, 0, 0, 0, 34, 0, 0]","[2, 0, 0, 0, 0, 0, 0, 0, 0, 0, 0, 1, 0, 0]","[0, 0, 0, 0, 0, 0, 0, 0, 0, 0, 0, 0, 0, 0]","[0, 0, 0, 0, 0, 1, 0, 0, 0, 0, 0, 0, 0, 0]"
https://github.com/rails/activeresource,2012-12-07,2013-01-08,2013-02-04,0.3752286821214463,-1.0085175811833307,0.12507622737381544,0.14941001202716012,8.0,9.0,"[-27, 0, 0, 0, 0, 0, 0, 0, 0, 0, 0, 0, 0, 0]","[2, 0, 0, 0, 0, 0, 0, 0, 0, 0, 0, 0, 0, 0]","[0, 0, 0, 0, 0, 0, 0, 0, 0, 0, 0, 0, 0, -7]","[0, 0, 0, 0, 0, 0, 0, 0, 0, 0, 0, 0, 0, 1]"
https://github.com/rails/activeresource,2013-01-08,2013-02-04,2013-02-18,-1.0085175811833307,7.899249643766113,0.11205750902037008,0.4981508784357008,9.0,10.0,"[0, 60, 0, 0, 0, 0, 0, 0, 6, 0, 0, 0, 0, 0]","[2, 2, 1, 0, 0, 0, 0, 0, 1, 0, 0, 0, 0, 0]","[0, 0, 0, 0, 0, 0, 0, 0, 0, 0, 0, 0, 0, 0]","[0, 0, 0, 0, 0, 0, 0, 0, 0, 0, 0, 0, 0, 1]"
https://github.com/rails/activeresource,2013-03-13,2013-04-25,2013-06-14,-0.046130300479643005,-0.40208338762700063,0.09226060095928601,0.10052084690675016,9.0,10.0,"[0, 0, 0, 0, -21, 0, 0, 0, 0, 0, 0, 0, 0, 0]","[1, 0, 0, 0, 3, 0, 0, 0, 0, 0, 0, 0, 0, 0]","[0, 0, 0, 0, 0, 0, 0, 0, 0, 0, 0, 0, 0, 0]","[0, 0, 0, 2, 0, 0, 0, 0, 0, 0, 0, 0, 0, 0]"
https://github.com/rails/activeresource,2013-07-15,2013-08-06,2013-09-03,0.7695656889389079,0.3170249233122581,0.18107427975033125,0.07044998295827959,7.0,8.0,"[9, 0, 0, 0, 0, 0, 0, 0, 0, 0, 0, 0, 0, 0]","[1, 0, 0, 0, 0, 0, 0, 0, 0, 0, 0, 0, 0, 0]","[0, 0, 0, 0, 0, 0, 0, 0, 0, 0, 0, 7, 0, 0]","[0, 0, 0, 0, 0, 0, 0, 0, 0, 0, 0, 1, 0, 0]"
https://github.com/rails/activeresource,2013-09-05,2013-10-02,2013-10-18,1.0099134623208859,1.1907789058478406,0.11652847642164067,0.1786168358771761,8.0,9.0,"[14, 0, 0, 0, 0, 0, 0, 0, 0, 0, 0, 0, 0, 0]","[2, 0, 0, 0, 0, 0, 0, 0, 0, 0, 0, 0, 0, 0]","[0, 0, 0, 0, 0, 0, 0, 0, 0, 0, 20, 0, 0, 0]","[0, 0, 0, 0, 0, 0, 0, 0, 0, 0, 1, 0, 0, 0]"
https://github.com/rails/activeresource,2014-03-26,2014-04-22,2014-05-13,0.0371393581338848,0.33122121393013026,0.11141807440165441,0.1419519488271987,6.0,7.0,"[-1, 0, 0, 0, 0, 0, 0, 0, 0, 6, 0, 0, 0, 0]","[1, 0, 0, 0, 0, 0, 0, 0, 0, 1, 0, 0, 0, 0]","[0, 0, 0, 0, 0, 0, 0, 0, 0, 0, 0, 0, 0, 0]","[0, 0, 0, 0, 0, 2, 0, 0, 0, 0, 0, 0, 0, 0]"
https://github.com/rails/activeresource,2014-05-17,2014-07-21,2015-05-05,-0.015411057862100999,-0.9232740184358326,0.030822115724201998,0.04859336939135961,5.0,6.0,"[-308, 0, 0, 0, 0, 0, 0, 0, 0, 0, 0, 0, 0, 0]","[2, 0, 0, 0, 0, 0, 0, 0, 0, 0, 0, 0, 0, 0]","[0, 0, 0, 0, 0, 0, 0, 0, 0, 0, 0, 0, 0, 0]","[0, 0, 0, 0, 0, 0, 0, 0, 0, 0, 0, 0, 0, 0]"
https://github.com/heartcombo/responders,2012-06-07,2012-09-28,2013-02-28,0.3840378282222528,0.5782975523504957,0.05358667370543062,0.05847952776578046,6.0,7.0,"[32, 6, 0, 0, 0, 0, 0, 0, 0, 0, 0, 0, 0, 0]","[4, 2, 0, 0, 0, 0, 0, 0, 0, 0, 0, 0, 0, 0]","[0, 0, 0, 0, 0, 0, 0, 0, 0, 0, 0, 0, 0, 0]","[0, 0, 0, 0, 0, 0, 0, 0, 0, 0, 0, 0, 0, 0]"
https://github.com/heartcombo/responders,2014-05-21,2014-08-29,2014-10-02,26.947508812795718,-0.26096919717739797,0.08047035106471286,0.086989732392466,6.0,7.0,"[0, 0, 0, 0, 0, 0, 0, 0, 0, 0, 0, 0, 0, 0]","[2, 0, 0, 0, 0, 0, 0, 0, 0, 0, 0, 0, 0, 0]","[-1, 1221, 1273, 0, 0, 0, 0, 0, 0, 0, 0, 0, 0, 0]","[1, 1, 2, 0, 0, 0, 0, 0, 0, 0, 0, 0, 0, 0]"
https://github.com/joyent/smartos-live,2011-03-09,2011-03-24,2011-04-08,-58.470195314213385,50.84396021625191,3.2483441841229657,1.914902397754942,7.0,8.0,"[293, -4, 102, 0, 12, 51, 5, 177, 0, 0, 0, 26, -26, 2]","[7, 3, 1, 0, 4, 4, 3, 2, 0, 0, 0, 1, 1, 1]","[-3, 32, 0, 83, -1730, 0, 2051, 50, 22, 0, -2323, 121, 114, 522]","[2, 1, 0, 3, 5, 1, 6, 5, 2, 0, 6, 1, 3, 7]"
https://github.com/joyent/smartos-live,2011-03-24,2011-04-08,2011-07-06,50.84396021625191,-10132.765429522518,1.8488712805909784,0.7858485923915876,8.0,9.0,"[0, 1, 0, 0, 0, 17, 3, 0, 0, 0, 0, 47, 0, 0]","[1, 1, 0, 0, 1, 4, 2, 0, 0, 0, 0, 2, 0, 0]","[102, 0, -1, 16, 48, 197, -15, 0, 0, 0, 0, 2, 0, 132]","[3, 0, 1, 5, 3, 3, 1, 0, 0, 0, 2, 1, 0, 1]"
https://github.com/joyent/smartos-live,2011-07-16,2011-08-15,2011-08-30,5113.612727902467,1254.3016315283878,0.843878686428294,1.9983562902735867,12.0,13.0,"[305, 0, 0, 20, 0, 1, 1, 3, 0, 18050, 348, 9, 139, 8]","[1, 0, 0, 2, 0, 1, 2, 2, 0, 5, 5, 3, 2, 1]","[0, 0, 2, 0, 0, 0, 0, 17, 0, 0, 155644, 0, 515, 0]","[0, 0, 1, 0, 0, 0, 0, 2, 0, 0, 2, 0, 2, 0]"
https://github.com/joyent/smartos-live,2011-09-30,2011-11-25,2011-12-15,275.07373030164166,-905.4118980248912,1.0023509172886476,2.2069759854354447,12.0,13.0,"[-11829, 0, 0, 51, 38, 153, -5, -5754, 4, 0, 0, 8, 2096, 84]","[4, 0, 0, 2, 4, 6, 2, 7, 1, 0, 0, 1, 6, 2]","[189, 0, 0, 841, 164, -19, 0, 0, 0, 0, 2171, 0, 9, -4]","[5, 0, 0, 3, 2, 1, 0, 0, 0, 0, 9, 0, 1, 1]"
https://github.com/joyent/smartos-live,2012-06-21,2012-09-18,2013-01-18,1177.7336789874807,401.86721680548277,0.7632243109390807,0.7627120092020551,13.0,14.0,"[2, 654, 0, 0, 0, 943, 73, 23, 1, 0, 0, 0, 0, 0]","[1, 1, 0, 0, 0, 1, 2, 1, 2, 2, 0, 0, 0, 0]","[0, 8, 0, 3, 0, 139, -10, 15, 0, 378, 0, 0, 0, 3]","[0, 1, 0, 2, 0, 4, 1, 2, 0, 2, 0, 0, 0, 1]"
https://github.com/joyent/smartos-live,2013-06-18,2014-03-11,2014-10-07,157.26951680650058,69.48972114773905,0.601441815790432,0.5003031212638919,12.0,13.0,"[91, 0, 0, 0, 0, 0, 541, 51, 131, 5, 0, 0, 0, 0]","[1, 0, 0, 0, 0, 0, 2, 2, 3, 1, 0, 0, 0, 0]","[0, 72, 1, 0, 0, 0, 111, 0, 0, 0, 27361, 0, 2, 38]","[0, 1, 1, 0, 0, 0, 2, 0, 0, 0, 3, 0, 1, 1]"
https://github.com/joyent/smartos-live,2014-11-04,2014-12-09,2015-02-23,237.72582638651485,151.57606246538876,0.5329546550258151,0.755891125155482,10.0,11.0,"[260, 0, 4, 2, 0, 0, 0, 42, 248, 0, 0, 0, 0, 0]","[4, 0, 1, 1, 0, 0, 0, 1, 4, 0, 0, 0, 0, 0]","[2, 0, 0, 0, 0, 0, 0, 49, 203, 0, 0, 0, 0, 0]","[1, 0, 0, 0, 0, 0, 0, 1, 2, 0, 0, 0, 0, 0]"
https://github.com/joyent/smartos-live,2015-02-23,2015-04-22,2015-05-15,110.7372698848573,150.23628733061307,1.0713218677435519,1.0405976611644197,10.0,11.0,"[14, 0, 1609, 0, 53, 10, 0, 0, 0, 0, 0, -95, 0, 0]","[4, 0, 2, 0, 3, 1, 0, 1, 0, 0, 0, 2, 0, 1]","[332, 11, 0, 0, 0, 5, 0, 16, 282, 0, 0, 0, 3, 0]","[3, 3, 0, 0, 0, 4, 0, 3, 1, 0, 0, 0, 1, 1]"
https://github.com/joyent/smartos-live,2015-05-15,2015-07-20,2015-09-03,34.57488447261433,11.638746368300675,0.606045301886316,0.6008530629906658,10.0,11.0,"[336, 0, 0, 2, 0, 0, 0, 10, 0, -6, 0, 0, 0, 284]","[1, 0, 2, 2, 0, 0, 0, 1, 0, 3, 0, 0, 0, 1]","[195, 34, 0, 4, 0, 0, 0, 963, 1, 150, 0, 0, 0, 0]","[1, 1, 0, 1, 0, 0, 0, 1, 1, 3, 0, 0, 0, 1]"
https://github.com/joyent/smartos-live,2015-09-28,2015-12-28,2016-02-12,33.824237692849536,159.30990124769866,0.5053312549110356,0.6592133844732359,12.0,13.0,"[-112, 0, 0, 4, 0, 0, 0, 0, 0, 0, 145, 0, 0, 0]","[2, 0, 0, 2, 0, 0, 0, 0, 0, 0, 1, 1, 0, 0]","[0, 0, 0, 0, 0, 0, 0, 4, 113, 0, 0, 0, 0, 0]","[0, 0, 0, 0, 0, 0, 0, 1, 2, 0, 0, 0, 0, 0]"
https://github.com/joyent/smartos-live,2015-12-28,2016-02-12,2016-04-19,159.178058570804,46.702533167409136,0.6372396049907947,0.43312230951546693,13.0,14.0,"[491, 0, 0, 0, 0, 0, 0, 0, 0, 0, 0, 1640, 314, 0]","[3, 0, 0, 0, 1, 0, 0, 0, 0, 0, 0, 3, 1, 0]","[0, 0, 0, 15, 26, 0, 1, 0, 0, 0, 12, 0, 0, 32]","[0, 0, 0, 1, 1, 0, 2, 0, 0, 0, 3, 0, 0, 2]"
https://github.com/joyent/smartos-live,2016-04-19,2016-05-09,2016-07-12,25.182461342935817,23.38253118882361,0.29281931794111415,0.3315551350204563,13.0,14.0,"[5, 0, 15, 0, 0, 0, 0, 0, 645, 302, 0, 0, 0, 6]","[2, 0, 1, 0, 0, 0, 0, 0, 2, 2, 0, 0, 0, 1]","[0, 0, 0, 54, 0, 0, 0, 349, 0, 0, 0, 0, 0, 0]","[0, 0, 0, 1, 0, 0, 0, 1, 0, 0, 0, 0, 0, 0]"
https://github.com/joyent/smartos-live,2016-08-10,2016-09-01,2016-09-22,48.324096219600136,133.00186120712576,0.27148368662696704,0.7657537888859346,12.0,13.0,"[8, 0, 0, 0, 0, 2196, 0, 0, 269, 0, 0, 0, 127, 13]","[3, 0, 0, 0, 0, 1, 0, 0, 3, 0, 0, 0, 2, 2]","[61, 0, 0, 0, 0, 1013, 0, 0, 0, 0, 0, 0, -2, 0]","[2, 0, 0, 0, 1, 1, 0, 0, 0, 0, 0, 0, 1, 0]"
https://github.com/joyent/smartos-live,2016-09-01,2016-09-22,2017-01-30,132.57112470087742,60.24905757658433,0.7178941770805637,0.2305742731595267,13.0,14.0,"[9, 0, 0, 1, 0, 0, 0, 0, 0, 0, 0, 34, 0, 0]","[1, 0, 0, 1, 1, 0, 0, 1, 0, 0, 0, 1, 0, 0]","[0, 269, 0, 0, 0, 0, 140, 31, 126, 0, 0, 0, 0, 0]","[0, 3, 0, 0, 0, 0, 4, 1, 3, 0, 0, 0, 0, 0]"
https://github.com/joyent/smartos-live,2017-09-21,2018-01-09,2018-02-10,20.9088196105299,5.337073664399979,0.15434213346895714,0.12783409974610727,14.0,15.0,"[6, 0, 0, 0, 0, 0, 0, 0, 0, 0, 0, 0, 0, 0]","[1, 0, 0, 0, 0, 0, 0, 0, 0, 0, 0, 0, 0, 0]","[0, 0, 0, 0, 0, 0, 0, 0, 0, 17, 0, 0, 0, 0]","[0, 0, 0, 0, 0, 0, 0, 0, 0, 1, 0, 0, 0, 0]"
https://github.com/joyent/smartos-live,2018-02-13,2018-03-26,2018-05-02,446.7859617612034,85.5347662733997,0.7040587345038797,0.2708510648302713,15.0,16.0,"[-1, 0, 95, 0, 0, 0, 0, 0, 0, 10, 0, 0, 0, 0]","[1, 0, 1, 0, 0, 0, 0, 0, 0, 1, 0, 0, 0, 0]","[100, 2037, 127, 0, 0, 0, 23, 44, 196, 0, 0, 0, 5, 0]","[2, 4, 3, 0, 0, 0, 3, 2, 2, 0, 0, 0, 1, 1]"
https://github.com/joyent/smartos-live,2018-05-02,2018-05-21,2018-06-12,23.050539362716854,22.607213358004955,0.414391718880303,0.3338618006456428,15.0,16.0,"[50, 0, 34, 0, 0, 0, 0, 0, 0, 0, 0, 0, 0, 0]","[1, 0, 2, 0, 0, 0, 0, 0, 0, 0, 0, 0, 0, 0]","[0, 29, 33, 20, 0, 0, 376, 0, 0, 0, -13, 0, 0, 0]","[0, 1, 1, 1, 0, 0, 2, 0, 1, 0, 1, 0, 0, 0]"
https://github.com/joyent/smartos-live,2018-05-21,2018-06-12,2018-08-17,22.607213358004955,8.039202591244532,0.2861672576962653,0.2103716565933149,16.0,17.0,"[361, 0, 0, 0, 0, 0, 0, 171, 0, 0, 0, 0, 0, 0]","[3, 0, 0, 0, 0, 0, 1, 1, 0, 0, 0, 0, 0, 0]","[0, 0, 0, 0, 0, 0, 0, 1, 0, 0, 0, 0, 0, 389]","[0, 0, 0, 0, 0, 0, 0, 1, 1, 0, 0, 0, 0, 1]"
https://github.com/joyent/smartos-live,2018-11-30,2018-12-18,2019-01-10,58.785232358136895,21.309381865720873,0.334958588935253,0.43577468028059047,17.0,18.0,"[1, 24, 0, 0, 0, 0, 0, 0, 0, 67, 0, 0, 0, 0]","[1, 1, 0, 0, 0, 0, 0, 0, 0, 1, 0, 0, 0, 0]","[0, 0, 0, 0, 0, 0, 0, 0, 0, 0, 0, 0, 0, 0]","[0, 0, 0, 0, 0, 0, 1, 0, 0, 0, 0, 0, 0, 0]"
https://github.com/mochi/mochiweb,2012-12-15,2013-01-02,2013-02-11,1.2850067671073961,5.922001881992123,0.21416779451789936,0.47677133795699295,5.0,6.0,"[116, 23, 0, 0, 0, 21, -43, 0, 234, -216, 0, 0, 0, 0]","[1, 1, 0, 0, 0, 1, 1, 0, 2, 1, 0, 0, 0, 0]","[0, 0, 0, 0, 0, 0, 0, 0, 0, 0, 0, 0, 0, 0]","[0, 0, 0, 0, 0, 0, 0, 0, 0, 0, 0, 0, 0, 0]"
https://github.com/mochi/mochiweb,2016-06-18,2018-09-25,2018-12-13,0.4160783227800174,1.6945250372602019,0.02653253072800111,0.08851996463299562,5.0,6.0,"[68, 0, 0, 0, 0, 0, 0, 0, 0, 0, 0, 0, 0, 0]","[4, 0, 0, 0, 0, 0, 0, 0, 0, 0, 0, 0, 0, 0]","[0, 0, 0, 0, 0, 0, 0, 0, 0, 0, 11, 0, 0, 0]","[0, 0, 0, 0, 0, 0, 0, 0, 0, 0, 1, 0, 0, 0]"
https://github.com/yast/yast-core,2002-09-03,2003-02-16,2003-03-28,13.312817731816274,16.317486522930395,1.0621287038983065,1.1159375281639328,8.0,9.0,"[62, 0, 0, 9, 22, 89, 0, 0, 122, 14, 0, 0, 74, 0]","[1, 4, 0, 2, 3, 2, 0, 0, 6, 3, 0, 0, 5, 0]","[0, 174, 0, 0, 29, 1, 0, 0, 0, 45, 25, 11, 0, 0]","[0, 3, 1, 0, 1, 1, 0, 0, 0, 4, 2, 4, 1, 0]"
https://github.com/yast/yast-core,2003-02-16,2003-03-28,2003-05-19,14.482389254394148,9.003589517409326,1.0911389164269565,0.326356123232321,9.0,10.0,"[145, 0, 0, 0, 0, 0, 0, 0, 0, 0, 0, 0, 0, 0]","[5, 0, 0, 0, 1, 0, 0, 0, 0, 0, 0, 0, 0, 0]","[0, 0, 0, 0, 0, 0, 0, 0, 0, 0, 0, 0, 0, 0]","[0, 0, 0, 0, 0, 0, 0, 0, 0, 0, 0, 0, 0, 0]"
https://github.com/yast/yast-core,2003-03-28,2003-05-19,2003-08-06,8.17810049982169,55.81999889044754,0.30715870421865504,1.4455883401887824,10.0,11.0,"[43, 0, 0, 0, 0, 0, 0, 0, 83, 0, 0, 0, 0, 0]","[1, 0, 0, 0, 0, 0, 0, 0, 2, 0, 0, 0, 0, 0]","[-2, 0, 0, 34305, -34305, 0, 0, 0, 0, 0, 68, 0, 0, 0]","[1, 0, 0, 1, 3, 0, 0, 0, 0, 0, 1, 0, 0, 0]"
https://github.com/yast/yast-core,2003-05-19,2003-08-06,2003-08-25,55.033801722976456,15.759897658594939,1.4329077407134423,0.8377354237126878,11.0,12.0,"[68, 0, 0, 0, 0, 2, 24, 0, 0, 0, 0, 0, 193, 0]","[3, 0, 0, 1, 0, 2, 4, 0, 0, 0, 0, 1, 3, 0]","[69, 0, 0, 0, 0, 2, 231, 20, 0, 0, 0, 0, 0, 45]","[3, 0, 0, 0, 0, 1, 6, 2, 0, 0, 0, 0, 1, 6]"
https://github.com/yast/yast-core,2003-08-28,2003-09-16,2003-12-11,38.705161025054856,19.629663776702667,1.0781381901129488,0.8023973937159267,12.0,13.0,"[15, -3, -3, 14, 0, 8, -5, 0, 0, -1, 3, 0, -9, 102]","[1, 1, 2, 3, 0, 2, 1, 1, 0, 1, 1, 0, 2, 1]","[0, 0, 30, 10, 24, 0, 12, 0, 55, 0, 0, 0, 24, 0]","[0, 0, 6, 1, 1, 0, 1, 2, 3, 0, 0, 0, 1, 0]"
https://github.com/yast/yast-core,2003-09-16,2003-12-11,2004-01-22,19.629663776702667,628.6029974172121,0.7907684459809132,2.489751592938788,13.0,14.0,"[0, -172, 0, -22, 622, 0, 0, 0, 0, 0, 0, 0, 0, 0]","[1, 2, 0, 1, 4, 0, 0, 0, 0, 0, 0, 0, 0, 0]","[18, 0, 0, 0, 0, -3, 0, 139, 0, 0, 0, 1, 6, 0]","[1, 0, 0, 0, 0, 2, 0, 5, 0, 0, 0, 1, 2, 0]"
https://github.com/yast/yast-core,2005-02-23,2005-03-15,2005-04-25,10.759657454075574,26.272372736028203,0.2961373611213461,0.6070326417751434,11.0,12.0,"[159, 0, 0, 0, 0, 0, 0, 0, 0, 0, 0, 0, 0, 0]","[1, 0, 0, 0, 0, 0, 0, 0, 0, 0, 0, 0, 0, 0]","[0, 0, 0, 0, 0, 0, 215, 0, 0, 0, 0, 0, 0, 0]","[0, 0, 0, 0, 0, 0, 2, 0, 0, 0, 0, 0, 0, 0]"
https://github.com/yast/yast-core,2005-03-15,2005-04-25,2005-05-18,24.135617836979698,24.195478209177942,0.5827513361041377,0.8734829678403588,12.0,13.0,"[88, 0, 134, 75, 0, 0, 0, 94, 0, 0, 0, 0, 0, 0]","[1, 0, 1, 4, 0, 0, 1, 8, 1, 0, 0, 1, 0, 0]","[0, 0, 7, 0, 0, 0, 0, 417, 201, 0, 118, 0, 0, 0]","[0, 0, 1, 0, 0, 0, 0, 1, 4, 0, 2, 0, 0, 0]"
https://github.com/yast/yast-core,2005-06-29,2005-11-18,2005-12-02,-11.070302225232794,49.92129503593936,0.42226200477683895,1.0531918783953451,11.0,12.0,"[286, 0, 0, 0, 47, 0, 43, 0, 0, 0, 0, 175, 66, 0]","[1, 0, 0, 0, 1, 0, 2, 0, 0, 0, 0, 4, 3, 0]","[0, 0, 0, 0, 0, 0, -3, 0, 0, 0, 0, 0, 0, 0]","[0, 0, 0, 0, 0, 0, 1, 0, 0, 0, 0, 0, 0, 0]"
https://github.com/yast/yast-core,2005-12-02,2006-12-06,2007-09-03,8.412758756020567,20.613850804928337,0.2574781191436707,0.3433795674114876,11.0,12.0,"[116, 0, 0, 0, 0, 0, 0, 0, 0, 0, 0, 0, 0, 0]","[2, 0, 0, 0, 0, 0, 0, 0, 0, 0, 0, 0, 0, 0]","[0, 0, 0, 0, 0, 0, 0, 0, 0, 0, 0, 0, 178, 0]","[0, 0, 0, 0, 0, 0, 0, 0, 0, 0, 0, 0, 3, 0]"
https://github.com/yast/yast-core,2006-12-06,2007-09-03,2007-11-26,20.28154799775593,242.77710375739238,0.33968731399846086,0.8580380655081608,12.0,13.0,"[90, 6, 0, 50, 0, 0, 0, 0, 0, 7, 0, 0, 0, 0]","[1, 1, 1, 2, 0, 0, 0, 0, 0, 1, 0, 0, 0, 0]","[0, 9, 0, 0, 0, 0, 0, 0, 0, 0, 5, 0, 0, 0]","[0, 1, 0, 0, 0, 0, 0, 0, 0, 0, 2, 0, 0, 0]"
https://github.com/yast/yast-core,2007-12-03,2008-01-10,2008-02-05,18.446661039877824,46.137100904900116,0.9157916828308139,1.7287007000170735,15.0,16.0,"[384, 141, 0, 0, 26, 443, -165, 40, 4, 0, 17, 87, 0, 19]","[1, 1, 0, 1, 3, 5, 6, 4, 2, 0, 2, 4, 0, 2]","[0, 0, 0, 0, 0, 0, 0, 0, 0, 0, 0, 0, 39, 40]","[0, 0, 0, 0, 0, 0, 0, 0, 0, 0, 0, 0, 7, 1]"
https://github.com/yast/yast-core,2008-09-09,2008-11-12,2009-04-16,10.355070643223335,28.986399549291733,0.3114306960367921,0.6713999004735725,12.0,13.0,"[4, 0, 0, 0, 0, 0, 0, 0, 0, 0, 0, 220, 0, 164]","[1, 0, 0, 0, 0, 0, 0, 1, 0, 0, 0, 1, 0, 1]","[0, 0, 0, 0, 19, 0, 0, 0, 0, 0, 0, 0, 0, 0]","[0, 0, 0, 0, 1, 0, 0, 0, 0, 0, 0, 0, 0, 0]"
https://github.com/yast/yast-core,2013-06-21,2013-08-07,2013-11-04,9.2611643923211,24.807037201538,1.3625621174909202,0.9291444439204216,8.0,9.0,"[18, 0, 0, 0, 0, 0, 0, 0, 0, 0, 0, 0, 0, 0]","[3, 0, 0, 0, 0, 0, 0, 0, 0, 0, 0, 0, 0, 0]","[0, 0, 0, 0, 0, 0, 5, 0, 0, 0, 0, 0, 0, 0]","[0, 0, 0, 0, 0, 0, 1, 0, 0, 0, 0, 0, 0, 0]"
https://github.com/yast/yast-core,2013-12-10,2015-01-08,2015-11-04,2.0616968591983427,0.2765766832110525,0.24628644746581185,0.11996097103129989,7.0,8.0,"[72, 0, 0, 0, 0, 0, 0, 0, 0, 0, 0, 0, 0, 0]","[2, 0, 0, 0, 0, 0, 0, 0, 0, 0, 0, 0, 0, 0]","[0, 0, 0, 0, 0, 0, 0, 0, 0, 0, 0, 0, 0, 0]","[0, 0, 0, 0, 0, 0, 0, 0, 0, 0, 0, 0, 0, 0]"
https://github.com/yast/yast-core,2016-03-03,2016-09-20,2018-02-06,0.7310743254868288,-11.372601196401268,0.054706242043232094,0.08728317680824277,6.0,7.0,"[-9, 0, 0, 0, 0, 0, 0, 0, 0, 0, 0, 0, 0, 0]","[1, 0, 0, 0, 0, 0, 0, 0, 0, 0, 0, 0, 0, 0]","[0, 0, 0, 0, 0, 0, 0, 0, 0, 0, 0, 0, 0, -9]","[0, 0, 0, 0, 0, 0, 0, 0, 0, 0, 0, 0, 0, 4]"
https://github.com/CakeDC/users,2012-08-16,2012-10-17,2012-11-28,-0.08002698687835286,14.086752798435025,0.16005397375670571,0.42976533961327196,9.0,10.0,"[153, 118, 0, 0, 8, 311, 0, 0, 0, 0, 0, 0, 0, 0]","[8, 1, 0, 0, 2, 5, 0, 0, 0, 0, 0, 0, 1, 0]","[0, 0, 0, 0, 0, 0, 0, 0, 0, 0, 0, 0, 0, 0]","[0, 2, 0, 0, 0, 0, 0, 0, 0, 0, 0, 0, 0, 0]"
https://github.com/CakeDC/users,2012-10-17,2012-11-28,2013-01-16,14.086752798435025,1.5292439587783797,0.40588948741253467,0.22428911395416234,10.0,11.0,"[0, 17, 0, 0, 7, 0, 8, 0, 0, 0, 0, 0, 0, 0]","[1, 2, 0, 0, 1, 0, 1, 0, 0, 0, 0, 0, 0, 0]","[0, 0, 0, 0, 0, 0, 0, 0, 0, 0, 0, 0, 0, 0]","[0, 0, 0, 0, 0, 0, 0, 0, 0, 0, 0, 0, 0, 0]"
https://github.com/CakeDC/users,2013-03-10,2013-03-28,2013-06-03,0.056199471698947755,15.332050907113292,0.056199471698947755,0.15031422457954208,8.0,9.0,"[2, 0, 0, 0, 0, 0, 0, 0, 0, 0, 0, 0, 0, 0]","[1, 0, 0, 0, 0, 0, 0, 0, 0, 0, 0, 0, 0, 0]","[0, 0, 0, 0, 0, 0, 0, 0, 0, 0, 0, 0, 0, 0]","[0, 0, 0, 0, 0, 0, 0, 0, 0, 0, 0, 0, 0, 0]"
https://github.com/CakeDC/users,2015-08-14,2015-09-22,2015-11-09,184.8083225425558,57.58159720465332,2.9761878017636065,1.1449702987187031,6.0,7.0,"[1289, 95, 0, -6, 0, 0, 0, 0, 0, 0, 12, 0, 0, 264]","[18, 12, 0, 2, 0, 0, 0, 0, 0, 0, 1, 0, 0, 1]","[2, 0, 275, 0, 318, 3261, 10, 0, 0, 0, 0, 0, 20, 29]","[2, 0, 5, 0, 4, 16, 3, 0, 0, 0, 0, 0, 1, 22]"
https://github.com/CakeDC/users,2015-11-12,2015-11-27,2016-01-06,41.40380739151439,3.3498105105474227,0.6721397303817271,0.24813411189240167,6.0,7.0,"[12, 0, 0, 0, 0, 0, 0, 121, 0, 0, 0, 0, 0, 0]","[2, 0, 0, 0, 0, 2, 0, 3, 0, 0, 0, 0, 0, 0]","[0, 0, 296, 320, 0, 0, 0, 0, 0, 0, 0, 0, 0, 0]","[0, 0, 3, 5, 0, 0, 0, 0, 0, 0, 0, 0, 0, 0]"
https://github.com/CakeDC/users,2016-04-25,2016-06-10,2016-07-14,5.269629528117266,35.15933137168973,0.26022861867245756,0.6310649220559695,9.0,10.0,"[62, 0, 0, 0, 0, 80, 28, 0, 0, 28, 91, 85, 92, 0]","[1, 0, 0, 0, 0, 2, 3, 0, 0, 1, 4, 1, 2, 0]","[0, 0, 0, 0, 0, 0, 0, 22, 0, 40, 0, 0, 0, 0]","[0, 0, 0, 0, 0, 0, 0, 1, 0, 1, 0, 0, 0, 0]"
https://github.com/CakeDC/users,2016-09-04,2016-10-29,2017-01-20,97.16002336046115,31.483151046275225,0.3630114827590553,0.7464456462214394,11.0,12.0,"[208, 77, 455, 15, 428, 0, 0, 0, 0, 0, 0, 0, 0, 0]","[9, 4, 5, 2, 2, 0, 0, 0, 0, 0, 0, 0, 0, 0]","[0, 0, 0, 0, 56, 0, 0, 0, 0, 0, 112, 0, -5, 0]","[0, 0, 0, 0, 1, 3, 0, 0, 0, 0, 3, 0, 1, 0]"
https://github.com/CakeDC/users,2017-03-16,2017-05-15,2017-05-30,-16.248246345722645,43.17197194633796,1.1320499503167416,0.4047372369969184,10.0,11.0,"[584, 4, 0, 0, 0, 0, 0, 0, 0, 0, 0, 0, 0, 52]","[1, 3, 0, 0, 0, 0, 0, 0, 0, 0, 0, 0, 0, 1]","[0, 0, 0, 0, 0, 0, -2, 0, 0, 0, 0, 0, 0, 463]","[0, 0, 0, 0, 0, 0, 4, 0, 0, 0, 0, 0, 0, 1]"
https://github.com/CakeDC/users,2017-05-15,2017-05-30,2017-06-23,43.17197194633796,2.9190428937136326,0.3372810308307653,0.20850306383668804,11.0,12.0,"[0, 0, 0, 0, 0, 0, 0, 0, 0, 0, 0, 0, 0, 0]","[2, 0, 0, 0, 0, 0, 0, 0, 0, 0, 0, 0, 0, 0]","[0, 4, 0, 0, 0, 0, 0, 0, 0, 0, 0, 0, 52, 0]","[0, 3, 0, 0, 0, 0, 0, 0, 0, 0, 0, 0, 1, 0]"
https://github.com/mono/maccore,2011-08-02,2011-08-26,2011-09-20,217.1882953081971,19.895372596492745,5.144044268608046,1.0150700304333033,6.0,7.0,"[-40, 0, 0, 0, 0, 0, 0, 0, 31, 0, 4, 0, 116, 61]","[1, 0, 0, 0, 0, 0, 1, 0, 1, 0, 1, 0, 1, 2]","[51, 0, 0, 152, 39, 0, 0, -3, 0, 0, 141, 0, 4, 192]","[2, 0, 0, 2, 2, 0, 0, 1, 0, 0, 10, 0, 2, 1]"
https://github.com/mono/maccore,2011-11-20,2011-12-05,2012-02-23,10.926962409155212,71.79175304475933,0.8258750658082429,1.0468579590152889,8.0,9.0,"[0, 0, 0, 0, 0, 0, 0, 0, 0, 0, 0, 0, 0, 0]","[1, 0, 0, 2, 0, 0, 0, 0, 0, 2, 0, 0, 0, 0]","[24, 3, 0, 0, 0, 0, 7, 0, 1, 0, 0, 0, 0, 0]","[2, 1, 1, 0, 0, 0, 3, 0, 2, 0, 1, 0, 0, 0]"
https://github.com/mono/maccore,2011-12-05,2012-02-23,2012-03-09,69.88722832414116,88.94292363192622,1.0216324660269687,2.1424207882142814,9.0,10.0,"[1197, 0, 0, 0, 70, 0, 3, 106, -1, 0, 0, 0, 7, 16]","[10, 1, 0, 0, 1, 0, 1, 6, 3, 0, 0, 0, 2, 5]","[171, 10, 0, 0, 0, 42, 19, 4, 1772, 5, 0, 5, 24, 12]","[4, 3, 0, 0, 0, 1, 2, 1, 2, 1, 0, 1, 4, 3]"
https://github.com/mono/maccore,2012-03-09,2012-05-23,2012-08-08,52.35072523952185,226.8695067479948,1.7218876991071694,1.9581192065702895,9.0,10.0,"[119, 16, 40, 650, 0, 1, 107, 0, 11, 0, 0, 0, 5, 136]","[7, 3, 2, 12, 0, 2, 9, 0, 5, 0, 0, 0, 3, 4]","[0, 273, 4, 0, 0, 38, 0, 21, 0, 21, 0, 0, 0, 13]","[0, 5, 4, 0, 0, 1, 1, 4, 0, 3, 0, 0, 1, 1]"
https://github.com/mono/maccore,2012-08-30,2012-09-29,2012-11-13,455.1960427847487,68.24423711509107,3.531233938464825,1.034670691744929,9.0,10.0,"[43, 0, 0, 0, 0, 0, 0, 0, 0, 0, 0, 1402, 56, 113]","[1, 0, 0, 0, 0, 0, 0, 0, 0, 1, 0, 4, 5, 1]","[0, 0, 0, 0, 0, 1167, 10, 0, 0, 352, 7428, 5, 2, 936]","[0, 0, 0, 0, 1, 6, 3, 0, 1, 13, 1, 3, 2, 9]"
https://github.com/plone/plone.app.layout,2007-02-25,2007-03-15,2007-04-30,24.99873294690887,13.025724082082737,1.3857390768796491,0.5035153846855511,8.0,9.0,"[0, 0, 0, 0, 0, 0, 0, 0, 10, 0, 0, 0, 0, 0]","[1, 0, 0, 0, 0, 0, 0, 0, 1, 0, 0, 0, 0, 0]","[110, 0, 0, 0, 0, 22, 5, -2, -1, 1, 0, -8, 0, 0]","[1, 0, 0, 2, 0, 2, 3, 3, 1, 1, 0, 1, 0, 1]"
https://github.com/plone/plone.app.layout,2008-04-07,2008-04-29,2008-06-27,0.40397638275931036,3.0792265164964685,0.17954505900413795,0.28604836492043695,13.0,14.0,"[11, 0, 0, 0, 0, 0, 0, 0, 0, 0, 0, 0, 0, 0]","[1, 0, 0, 0, 0, 0, 0, 0, 0, 0, 0, 0, 0, 0]","[0, 0, 0, 0, 0, 5, 0, 0, 0, 0, 0, 0, 0, 0]","[0, 0, 0, 0, 0, 3, 0, 0, 0, 0, 0, 0, 0, 0]"
https://github.com/plone/plone.app.layout,2008-06-30,2008-07-25,2008-08-22,5.157292421478724,4.807018642857967,0.919517253441943,0.5341131825397741,16.0,17.0,"[16, 0, 0, 0, 0, 0, 0, 0, 0, 0, 0, 0, 0, 0]","[3, 0, 0, 0, 0, 0, 0, 0, 0, 0, 0, 0, 0, 0]","[0, 17, 0, 0, 0, 0, 0, 0, 0, 0, 38, 0, 0, 0]","[0, 4, 0, 0, 0, 0, 0, 0, 0, 0, 2, 0, 0, 0]"
https://github.com/plone/plone.app.layout,2008-07-25,2008-08-22,2008-09-19,3.4895394592598574,5.0064267923010455,0.4985056370371225,0.43851913509206236,17.0,18.0,"[132, 0, 0, 0, 0, 0, 0, 0, 0, 0, 0, 0, 0, 0]","[8, 0, 0, 0, 0, 0, 0, 0, 2, 0, 0, 0, 0, 0]","[18, -1, 0, 0, 0, 0, 0, 65, 0, 0, 0, 0, 0, 0]","[4, 2, 0, 0, 0, 0, 0, 3, 0, 2, 0, 0, 0, 0]"
https://github.com/plone/plone.app.layout,2009-09-23,2009-10-23,2009-11-09,-1.7959122588018408,0.7787610128607888,0.3918354019204016,0.5391422396728538,16.0,17.0,"[1, -1, -6, -18, 30, 0, 0, -10, 0, 0, 0, 0, 0, 0]","[1, 1, 1, 1, 1, 0, 0, 1, 0, 0, 0, 0, 0, 0]","[0, -43, 0, 37, -41, 3, 0, 0, 0, 0, 0, 0, 0, 0]","[0, 1, 0, 2, 2, 1, 0, 0, 0, 0, 0, 0, 0, 0]"
https://github.com/plone/plone.app.layout,2009-11-20,2010-01-15,2010-01-30,3.4978399352585754,4.895530844960691,0.3245418496631668,1.2238827112401727,14.0,15.0,"[6, 58, 0, 0, 0, 0, 0, 0, 0, 0, 4, 5, 0, 0]","[2, 12, 1, 0, 0, 0, 0, 0, 0, 0, 2, 1, 0, 0]","[0, 0, 0, 0, 0, 0, 0, 0, 0, 0, 0, 0, 0, 0]","[0, 0, 0, 0, 0, 0, 0, 0, 0, 0, 0, 0, 0, 0]"
https://github.com/plone/plone.app.layout,2010-02-28,2010-04-06,2010-04-23,1.0188273350915074,0.5639929657543993,0.44057398274227344,0.28199648287719964,17.0,18.0,"[7, 3, 0, 0, 0, 0, 0, 0, 0, 0, 0, 0, 0, 0]","[1, 3, 0, 0, 0, 0, 0, 0, 0, 0, 0, 0, 0, 0]","[0, 0, 0, 0, 0, 0, 0, 0, 0, 0, 0, 27, 13, 0]","[0, 0, 0, 0, 0, 0, 0, 0, 0, 0, 0, 6, 4, 0]"
https://github.com/plone/plone.app.layout,2010-06-28,2010-07-22,2010-09-14,2.8020581139407748,0.5576414520363809,0.2436572272991978,0.24164462921576507,15.0,16.0,"[5, 0, 0, 0, 0, 0, -3, 0, 0, 0, 1, 3, 0, 0]","[5, 0, 0, 0, 0, 0, 1, 0, 0, 0, 1, 3, 0, 0]","[0, 0, 0, 0, 0, 0, 0, 61, 0, 4, 0, 0, 0, 0]","[0, 0, 0, 0, 0, 0, 0, 1, 0, 2, 0, 0, 0, 0]"
https://github.com/plone/plone.app.layout,2011-10-27,2011-12-17,2012-03-20,0.4553915847430069,1.1844855019625753,0.07919853647704468,0.1480606877453219,9.0,10.0,"[114, 0, 6, 0, 0, 0, 0, 0, 0, 0, 0, 0, 0, 0]","[5, 0, 1, 0, 0, 0, 0, 0, 0, 0, 0, 0, 0, 0]","[4, 0, 0, 0, 0, 0, 0, 0, 0, 0, 0, 0, 0, 0]","[2, 0, 0, 0, 0, 0, 0, 0, 0, 0, 0, 0, 0, 0]"
https://github.com/plone/plone.app.layout,2012-12-05,2013-01-24,2013-03-05,0.12261177266963719,-6.230760975293983,0.06130588633481859,0.14718333012505475,15.0,16.0,"[-278, 0, 0, 0, 0, 0, 0, 0, 0, 0, 0, 0, 0, 0]","[1, 0, 0, 0, 0, 0, 0, 0, 0, 0, 0, 0, 0, 0]","[0, 0, 0, 0, 0, 0, 0, 0, 0, 0, 0, 0, 0, 0]","[0, 0, 0, 0, 0, 0, 0, 0, 0, 0, 0, 0, 0, 0]"
https://github.com/plone/plone.app.layout,2013-07-12,2013-07-30,2013-09-30,0.0,3.266109366768596,0.053832044022649336,0.22524892184611006,16.0,17.0,"[90, 0, 0, 0, 0, 0, 0, 0, 0, 0, 1, 0, 0, 0]","[2, 0, 0, 0, 0, 0, 0, 0, 0, 0, 1, 0, 0, 0]","[0, 0, 0, 0, 0, 0, 0, 0, 0, 0, 0, 0, 0, 0]","[0, 0, 0, 0, 0, 0, 0, 0, 0, 0, 0, 0, 0, 0]"
https://github.com/plone/plone.app.layout,2014-03-02,2014-04-01,2014-04-24,0.8280668663994617,0.9575220490004654,0.13249069862391388,0.17409491800008464,16.0,17.0,"[4, 0, 0, 0, 6, 0, 0, 0, 0, 0, 0, 0, 0, 0]","[1, 0, 0, 0, 2, 0, 0, 0, 0, 0, 0, 0, 0, 0]","[0, 0, 0, 0, 7, 0, 0, 0, 0, 0, 0, 0, 0, 0]","[0, 0, 0, 0, 2, 0, 0, 0, 0, 0, 0, 0, 0, 0]"
https://github.com/plone/plone.app.layout,2014-06-03,2014-08-23,2014-10-19,0.8142150110454007,-1.3859505280627913,0.11273746306782471,0.2598657240117734,18.0,19.0,"[0, 0, 0, 0, 0, 0, 0, 0, 0, 0, 0, 0, 0, 0]","[1, 0, 0, 0, 0, 0, 0, 0, 0, 0, 0, 0, 0, 0]","[7, 13, 0, 0, 0, 0, 0, 0, 0, 0, 0, 0, 0, 0]","[1, 2, 0, 0, 0, 0, 0, 0, 0, 0, 0, 0, 0, 0]"
https://github.com/plone/plone.app.layout,2016-10-30,2016-11-13,2017-03-24,-1.802746009747219,1.0993097770234397,0.3466819249513883,0.19085239184434716,15.0,16.0,"[3, 0, 0, 0, 0, 36, 0, 0, 28, 0, 0, 0, 0, 0]","[4, 0, 0, 0, 0, 5, 0, 0, 1, 0, 0, 0, 0, 0]","[0, 0, 0, 0, 0, 0, 0, 0, 0, 0, -19, -19, 0, 0]","[0, 0, 0, 0, 0, 0, 0, 0, 0, 0, 3, 1, 0, 0]"
https://github.com/plone/plone.app.layout,2017-06-17,2017-07-03,2018-01-27,1.1094346890950533,1.436389969290114,0.4930820840422459,0.15853133440325673,13.0,14.0,"[94, 5, 0, 27, 0, 0, -10, 0, 0, 17, 0, 0, 0, 0]","[6, 2, 0, 1, 0, 0, 2, 0, 0, 1, 0, 0, 0, 0]","[0, 0, 0, 0, 0, 0, 0, 0, 0, 0, 0, 0, 0, 10]","[0, 0, 0, 0, 0, 0, 0, 0, 0, 0, 0, 0, 0, 6]"
https://github.com/plone/plone.app.layout,2017-07-03,2018-01-27,2018-04-12,1.4219780297989089,-7.391425997141384,0.15372735457285502,0.3648418682318416,14.0,15.0,"[-405, 4, 9, 0, 0, 0, 0, 0, 0, 0, 0, 0, 0, 0]","[4, 1, 3, 0, 0, 0, 0, 0, 0, 0, 0, 0, 0, 0]","[0, 0, 0, 0, 0, 0, 0, 0, 0, 0, 0, 6, 0, 0]","[0, 0, 0, 0, 0, 0, 0, 0, 0, 0, 0, 1, 0, 0]"
https://github.com/plone/plone.app.layout,2019-07-04,2019-07-19,2019-08-09,0.8672287593810803,-0.14273418566347443,0.26683961827110164,0.14273418566347443,10.0,11.0,"[3, 0, 0, 3, 0, 0, 0, 0, 0, 0, 0, 0, 0, 0]","[1, 0, 0, 1, 0, 0, 0, 0, 0, 0, 0, 0, 0, 0]","[0, 8, 0, 0, 0, 0, 0, 0, 0, 0, 0, 0, 0, 0]","[0, 2, 0, 0, 0, 0, 0, 0, 0, 0, 0, 0, 0, 0]"
https://github.com/jenkinsci/cvs-plugin,2012-08-28,2013-01-18,2013-04-04,12.660970016887648,30.65997266021075,0.1890742203849372,0.459768227552432,6.0,7.0,"[2, 0, 1, 0, 0, 0, 0, 0, 0, 0, 0, 0, 0, -74]","[4, 0, 1, 0, 0, 0, 0, 0, 0, 0, 0, 0, 0, 1]","[0, 0, 0, 0, 0, 0, 0, 0, 0, 0, 0, 0, 0, 0]","[0, 0, 0, 0, 0, 0, 0, 0, 0, 0, 0, 0, 0, 0]"
https://github.com/FreeRDP/xrdp,2012-05-02,2012-09-19,2013-01-17,160.90068741123696,148.27386653469426,1.097179678592388,0.7710375153285028,5.0,6.0,"[2167, 0, 148, 0, 0, 0, 0, 792, 0, 0, 0, 0, 0, 0]","[3, 0, 1, 0, 0, 0, 0, 1, 0, 0, 0, 0, 0, 0]","[0, 0, 12, 251, 0, 0, 0, 0, 0, 0, 0, 0, 468, 0]","[0, 0, 1, 1, 0, 0, 0, 0, 0, 0, 0, 0, 1, 0]"
https://github.com/FreeRDP/xrdp,2013-08-22,2013-12-11,2014-01-18,118.68241590702412,101.5437475077877,1.279863911502134,0.8548325683053556,5.0,6.0,"[53, 0, 0, 0, 0, 6, 1, 0, 39, 0, 0, 393, 446, -160]","[5, 0, 0, 0, 0, 1, 1, 0, 3, 1, 0, 1, 1, 1]","[0, 0, 67, 61, 0, 0, 1, 77, 522, 0, 18, 0, 0, 1038]","[0, 0, 2, 2, 0, 0, 1, 5, 3, 0, 2, 0, 0, 1]"
https://github.com/FreeRDP/xrdp,2014-01-18,2014-03-18,2014-05-23,427.62529352388765,22.885754998642902,2.082508259232616,1.0076449832624625,6.0,7.0,"[8, 0, 0, 35, 90, 27, 3, 0, 48, 0, 53, 0, 0, 0]","[3, 0, 0, 5, 2, 1, 3, 0, 1, 0, 2, 0, 0, 0]","[549, 11, 46, 211, 286, 10803, 41, 43, 320, 0, 165, 1097, 221, 114]","[9, 1, 2, 2, 2, 7, 2, 2, 3, 0, 4, 4, 4, 3]"
https://github.com/FreeRDP/xrdp,2014-12-29,2015-08-05,2015-08-26,-39.4440139254444,-87.00911101330979,0.36838062123382875,0.8502518991528644,5.0,6.0,"[4, 0, 0, 0, 0, -1295, 0, 0, 0, 0, 0, 0, -140, -439]","[1, 0, 0, 0, 0, 1, 0, 0, 0, 0, 0, 0, 2, 6]","[0, 2, 0, 0, 0, 0, 0, 0, 0, 0, 0, 0, 29, 0]","[0, 1, 0, 0, 0, 0, 0, 0, 0, 0, 0, 0, 6, 0]"
https://github.com/FreeRDP/xrdp,2015-08-26,2016-01-14,2016-06-29,5.604048354745495,13.757300653392829,0.24149257802452068,0.9280001316787103,5.0,6.0,"[0, 0, 0, 0, 0, 0, 0, 0, 0, 0, 0, 0, -13, 0]","[3, 0, 0, 0, 1, 0, 0, 2, 0, 0, 2, 0, 2, 0]","[0, 0, 0, 0, 0, 0, 0, 0, 0, 0, 0, 12, 0, 0]","[0, 0, 0, 0, 1, 0, 0, 0, 0, 0, 0, 1, 0, 0]"
https://github.com/FreeRDP/xrdp,2016-01-14,2016-06-29,2016-07-21,13.227014863862138,36.06100282863249,0.9219741567976797,1.368287745027671,6.0,7.0,"[88, 0, 0, 0, 0, 0, 0, 0, 0, 84, 0, 0, 0, 0]","[2, 0, 0, 0, 0, 0, 0, 0, 0, 25, 0, 0, 0, 0]","[0, 0, 0, 0, 0, 0, 0, 17, 0, 0, 0, 0, 0, 0]","[0, 0, 0, 0, 0, 1, 0, 7, 0, 0, 0, 0, 0, 0]"
https://github.com/FreeRDP/xrdp,2016-06-29,2016-07-21,2016-10-27,35.663757999430906,73.67752527972462,1.3241494306719395,0.862615654101459,7.0,8.0,"[9, 55, 0, 0, 0, 645, 0, 0, 0, 0, 0, 0, 0, 0]","[1, 2, 0, 0, 0, 1, 0, 0, 0, 0, 0, 0, 0, 0]","[84, 0, 0, 0, 0, 0, 636, 0, 0, 0, 0, 0, 0, 0]","[25, 0, 0, 0, 0, 0, 2, 0, 0, 0, 0, 0, 1, 0]"
https://github.com/FreeRDP/xrdp,2017-01-30,2017-12-27,2018-05-21,9.764206735375463,-265.74015864893306,0.6531646499972438,0.3944477759170122,5.0,6.0,"[-1, 0, 0, 0, 0, 0, 0, 0, 0, 0, 0, 0, 0, 0]","[1, 0, 0, 0, 0, 0, 0, 0, 0, 0, 0, 0, 1, 0]","[3, 0, 17, 0, 5, 0, 0, 0, 0, 0, 0, 0, -34, 35]","[1, 0, 3, 0, 1, 0, 0, 1, 0, 0, 0, 0, 3, 3]"
https://github.com/FreeRDP/xrdp,2017-12-27,2018-05-21,2018-08-03,-265.74015864893306,-12.377890511072199,0.38752763949741553,0.5134932744767943,6.0,7.0,"[0, 0, 0, 0, 0, 11, 0, 0, 47, 0, 1, 0, 0, 0]","[1, 0, 0, 0, 0, 2, 2, 0, 1, 0, 1, 0, 0, 0]","[0, 0, 0, 1, 0, 1, 0, 0, 0, 0, 0, 0, 0, 0]","[0, 0, 0, 1, 0, 1, 0, 0, 0, 0, 0, 0, 0, 0]"
https://github.com/FreeRDP/xrdp,2020-04-07,2020-07-25,2020-08-17,29.032769423909144,4.203446043198979,0.25515302695212055,0.31302257768503033,5.0,6.0,"[19, 0, 0, 0, 0, 0, 22, 0, 4, 0, 0, 0, 22, 0]","[1, 0, 0, 0, 0, 0, 1, 0, 2, 0, 0, 0, 1, 0]","[0, 0, 0, 0, 0, 0, 0, 0, 0, 0, 0, 0, 0, 0]","[0, 0, 0, 0, 0, 0, 0, 0, 0, 0, 0, 0, 0, 0]"
https://github.com/FreeRDP/xrdp,2020-07-25,2020-08-17,2020-09-09,3.845705954416087,117.24668841264764,0.26830506658716885,1.2639977561214801,6.0,7.0,"[8, 0, 4, 0, 0, 0, 24, 0, 0, 1057, 1071, 0, 28, 106]","[1, 0, 1, 1, 1, 0, 2, 0, 0, 3, 2, 0, 1, 4]","[0, 0, 0, 0, 22, 0, 0, 19, 0, 0, 0, 0, 0, 0]","[0, 0, 0, 0, 1, 0, 0, 1, 0, 0, 0, 0, 0, 0]"
https://github.com/hasgeek/hasgeek.tv,2017-02-16,2017-09-20,2017-10-12,-5.036180742117493,-105.40190725560498,0.060119696646030674,1.0099485886861104,5.0,6.0,"[17, 154, 172, 0, 0, 0, 0, 0, 0, 0, 0, 0, 81, 93]","[6, 1, 2, 0, 0, 0, 0, 0, 0, 0, 0, 0, 1, 1]","[0, 0, 0, 0, 0, 0, 0, 0, 0, 0, 0, 0, -1109, 19]","[0, 0, 0, 0, 0, 0, 0, 0, 0, 0, 0, 0, 1, 1]"
https://github.com/opscode/omnibus-software,2012-10-02,2012-12-19,2013-04-22,57.24918313162131,1.5464512901124088,0.32263967048929953,0.14497980844803832,5.0,6.0,"[0, 0, 0, 0, 0, 0, 0, 0, 0, 0, 0, 0, 0, 0]","[2, 0, 0, 0, 0, 0, 0, 0, 0, 1, 0, 0, 0, 0]","[0, 0, 0, 0, 0, 0, 0, 0, 4390, 0, 0, 0, 0, 0]","[0, 0, 0, 0, 0, 0, 0, 0, 12, 0, 0, 0, 0, 1]"
https://github.com/opscode/omnibus-software,2013-09-30,2013-11-21,2013-12-05,-8.223052967775779,-18.96085161177889,0.2677273059275835,0.9062171726217851,12.0,13.0,"[61, 0, 0, 0, 0, 0, 0, 0, 0, 0, 1, 0, 0, 0]","[8, 1, 0, 2, 0, 0, 0, 0, 0, 0, 1, 0, 0, 0]","[0, 0, 0, 0, 0, 0, -287, 0, 0, 0, 0, 0, 0, 0]","[0, 0, 0, 0, 0, 0, 1, 0, 0, 0, 0, 0, 0, 0]"
https://github.com/opscode/omnibus-software,2014-11-20,2014-12-16,2015-01-11,1.4018571542534133,1.0997847483873686,0.23364285904223553,0.2654652840935028,18.0,19.0,"[7, 18, 0, 0, 0, 0, 0, 0, 0, 0, 0, 0, 0, 0]","[1, 2, 2, 0, 0, 0, 0, 0, 0, 0, 0, 0, 0, 0]","[0, 0, 0, 0, 0, 0, 0, 11, 11, 0, 0, 0, 0, 7]","[0, 0, 0, 0, 0, 0, 0, 1, 1, 0, 0, 0, 0, 2]"
https://github.com/opscode/omnibus-software,2016-01-28,2016-02-12,2016-02-29,-221.5934249138371,-27.02533625273694,2.7306645091045856,1.223129442473008,29.0,30.0,"[8, 0, 0, 0, 0, 28, 0, 0, 0, 0, -22, -22, 0, -1]","[2, 0, 0, 0, 0, 5, 0, 0, 0, 0, 3, 1, 0, 1]","[0, 0, 0, 71, 62, 0, -3394, 0, 0, 0, 0, -82, -2, 88]","[0, 0, 0, 5, 3, 3, 11, 0, 0, 0, 0, 8, 3, 4]"
https://github.com/opscode/omnibus-software,2016-10-26,2016-11-09,2016-12-22,18.824624099719134,3.2068207338474886,1.415385270655574,0.4879944594985308,22.0,23.0,"[0, 0, 0, 0, 4, 4, 0, 0, 0, 0, 0, 0, 0, 0]","[2, 0, 0, 0, 1, 1, 0, 0, 0, 0, 0, 0, 0, 0]","[92, 2, 0, 0, 2, 0, -8, 32, 35, 0, 0, 0, 35, 0]","[4, 2, 0, 0, 2, 0, 2, 7, 1, 0, 0, 0, 1, 0]"
https://github.com/opscode/omnibus-software,2018-06-13,2018-07-02,2018-09-16,12.008468060154485,-3.639976225051665,0.3607694266999201,0.4205026685980263,14.0,15.0,"[34, 0, 0, 0, 0, 0, 0, 0, 0, 0, 0, 0, 0, 0]","[4, 0, 0, 0, 0, 0, 0, 0, 0, 0, 0, 0, 0, 0]","[66, 0, 0, 0, 0, 0, 0, 40, 1, 0, 0, 0, 0, 60]","[1, 0, 0, 0, 0, 0, 0, 2, 1, 0, 0, 0, 0, 2]"
https://github.com/opscode/omnibus-software,2018-07-02,2018-09-16,2019-04-30,-3.639976225051665,0.12400818314581573,0.40736196020433796,0.6067543246777413,15.0,16.0,"[0, 0, 0, 0, 0, -340, 0, 0, 0, -18, 0, 0, 0, 0]","[2, 2, 0, 0, 0, 4, 0, 0, 0, 2, 0, 0, 0, 0]","[0, 0, 0, 0, 0, 0, 0, 0, 0, 0, 0, 3, 0, 0]","[0, 0, 0, 0, 0, 0, 0, 0, 0, 0, 0, 8, 0, 0]"
https://github.com/opscode/omnibus-software,2019-04-30,2019-07-02,2019-07-23,-18.16680242017611,-0.14456920107110607,0.7114935673698216,0.771035739045899,15.0,16.0,"[2, 0, 0, 0, 0, 0, 0, -13, -3, 0, 0, 0, 0, 0]","[3, 0, 0, 0, 0, 0, 0, 8, 2, 0, 0, 0, 0, 0]","[0, 0, 0, 0, 0, 0, 0, 0, 2, 0, 0, 0, 0, 2]","[0, 0, 0, 0, 0, 0, 0, 0, 1, 0, 0, 0, 0, 1]"
https://github.com/opscode/omnibus-software,2019-10-18,2019-11-07,2019-12-12,9.252843539160466,45.40774452987337,0.8454374807354741,1.2280081853990912,11.0,12.0,"[668, 0, 0, 0, 0, 24, -4, 62, 0, 0, 0, 0, 34, -48]","[8, 0, 0, 0, 0, 1, 7, 1, 0, 0, 0, 0, 11, 3]","[0, 0, 0, 37, 0, 0, 0, 63, 53, 0, 0, 14, 0, 0]","[0, 0, 0, 1, 0, 0, 0, 12, 2, 0, 0, 2, 0, 0]"
https://github.com/opscode/omnibus-software,2020-02-11,2020-04-06,2020-04-22,-31.7029860337426,-14.524945434879184,1.0038366331927708,1.1743572904795936,12.0,13.0,"[-98, 0, 0, 0, 0, 0, 0, 0, 0, 0, 0, 0, 0, 0]","[3, 0, 0, 0, 0, 0, 0, 0, 0, 0, 0, 0, 0, 0]","[-46, 0, 0, 0, 0, 0, 0, 0, 0, -588, 0, 0, 0, 0]","[1, 0, 0, 0, 0, 0, 0, 0, 0, 6, 0, 0, 0, 0]"
https://github.com/opscode/omnibus-ruby,2012-03-01,2012-03-16,2012-04-03,24.209288037757954,8.794166784982854,1.3716310502979012,0.6721656141388169,5.0,6.0,"[18, 0, 0, 0, 0, 0, 2, 0, 0, 0, 22, 0, 107, 0]","[1, 0, 0, 0, 0, 0, 1, 0, 0, 0, 6, 0, 3, 0]","[8, 0, 0, 107, 0, 0, 1, 0, 0, 0, -33, -29, 291, 8]","[1, 0, 0, 4, 0, 0, 3, 0, 0, 0, 1, 2, 7, 1]"
https://github.com/opscode/omnibus-ruby,2012-05-04,2012-09-06,2012-10-16,25.022965920326403,2.0377927018787627,0.4966145605186418,0.2733624356178828,6.0,7.0,"[36, 0, 0, 0, 0, 0, 0, 0, 0, 0, 0, 0, 0, 0]","[1, 0, 0, 0, 0, 0, 1, 0, 0, 0, 0, 0, 0, 0]","[0, 0, 0, 0, 0, 0, 0, 0, 0, 0, 0, 0, 0, 430]","[0, 0, 0, 0, 0, 0, 0, 0, 0, 0, 0, 0, 0, 4]"
https://github.com/opscode/omnibus-ruby,2012-10-30,2012-12-10,2013-01-02,1.4088340009401223,383.2232202509093,0.14574144837311612,2.080144133443814,7.0,8.0,"[409, 409, 7298, 0, 0, 0, 0, 186, 265, 276, 0, 0, 0, 0]","[11, 1, 14, 0, 0, 0, 0, 7, 4, 9, 0, 0, 0, 0]","[0, 0, 0, 0, 0, 0, 0, 0, 0, 0, 0, 0, 0, 0]","[0, 0, 0, 0, 0, 0, 0, 0, 0, 0, 0, 0, 0, 0]"
https://github.com/opscode/omnibus-ruby,2012-12-10,2013-01-02,2013-01-17,383.2232202509093,0.264211699624324,2.0368077973304013,0.198158774718243,8.0,9.0,"[0, 0, 0, 0, 0, 0, 0, 0, 0, 0, 0, 0, 0, 0]","[1, 0, 0, 0, 0, 1, 0, 0, 0, 0, 0, 0, 0, 0]","[321, 0, 0, 0, 0, 0, 0, 0, 0, 0, 0, 0, 0, 0]","[7, 0, 0, 0, 0, 0, 0, 0, 0, 0, 0, 0, 0, 1]"
https://github.com/opscode/omnibus-ruby,2013-03-01,2013-06-11,2013-07-17,-92.02030017374555,12.775487886944818,1.2179012937927687,0.7665292732166891,8.0,9.0,"[245, 0, 0, 0, 0, 0, 0, 0, 40, 0, 0, 0, 0, 0]","[10, 0, 1, 0, 0, 0, 0, 1, 2, 1, 1, 0, 0, 0]","[0, 0, 0, 0, 0, 0, 0, 0, 0, 0, 92, 0, 0, 0]","[0, 0, 0, 0, 0, 0, 0, 0, 0, 0, 2, 0, 0, 0]"
https://github.com/opscode/omnibus-ruby,2014-04-25,2014-07-18,2014-08-04,162.36421106473423,-216.9991794490929,4.7911923106528045,10.637214678877104,5.0,6.0,"[0, 0, 0, 29, -59, 799, -7927, 1943, 39, 0, 180, 0, 0, 0]","[1, 0, 1, 2, 7, 14, 74, 24, 6, 0, 7, 1, 0, 0]","[0, 0, 0, 43, 0, 153, 210, 298, 0, 6, -46, 9, 9, 909]","[0, 0, 0, 10, 0, 7, 6, 8, 0, 2, 15, 5, 2, 45]"
https://github.com/opscode/omnibus-ruby,2014-08-05,2014-09-05,2014-09-28,207.07068245973707,56.18464415189422,6.749762442612052,1.5502101667562163,8.0,9.0,"[14, 0, 0, 0, 0, 0, 389, 597, 125, 17, 142, -20, 0, 0]","[3, 0, 0, 0, 0, 0, 17, 3, 1, 1, 1, 3, 0, 0]","[33, 112, 0, 630, 0, 31, 0, 0, 0, 0, 0, 0, 0, 0]","[2, 5, 0, 17, 0, 2, 0, 0, 0, 0, 0, 1, 0, 0]"
https://github.com/opscode/omnibus-ruby,2014-10-31,2014-12-03,2015-01-03,886.3359189754422,11.322144710148274,0.7251921745273451,0.7786002092938641,10.0,11.0,"[23, 0, 0, 0, 0, 0, 0, 74, 69, 0, 0, 1, 64, 0]","[1, 0, 0, 0, 0, 0, 1, 7, 4, 0, 0, 1, 5, 0]","[0, 0, 0, 0, 0, 0, 0, 0, 0, 0, 0, 0, 0, 23]","[0, 2, 0, 0, 0, 0, 0, 0, 0, 0, 0, 0, 0, 1]"
https://github.com/opscode/omnibus-ruby,2016-05-17,2016-06-17,2016-07-08,-3.7434239645020138,11.244410303185045,0.3549798587027772,0.23822903184714078,19.0,20.0,"[-5, 0, 0, 0, 0, 0, 0, 0, 0, 0, 260, 0, 0, 0]","[1, 0, 0, 0, 0, 0, 0, 0, 0, 0, 2, 0, 0, 0]","[-13, 0, 0, -13, 0, 0, 0, 0, 0, 0, 0, 0, 0, -5]","[1, 0, 0, 1, 0, 0, 0, 0, 0, 0, 0, 0, 0, 2]"
https://github.com/opscode/omnibus-ruby,2017-01-18,2017-02-06,2017-03-29,7.819502671341887,14.061041874530911,0.565885061741847,0.6723986269114641,17.0,18.0,"[0, 82, 0, 78, 0, 0, 78, 119, 0, 0, 0, 0, 0, 0]","[2, 4, 0, 2, 0, 0, 1, 2, 2, 0, 0, 0, 0, 0]","[0, 0, 0, 0, 0, 0, 0, 0, 4, 39, 43, 0, 0, 0]","[0, 0, 0, 0, 0, 0, 0, 0, 2, 2, 1, 1, 0, 1]"
https://github.com/opscode/omnibus-ruby,2018-01-26,2018-02-17,2018-03-27,6.2453228110755825,0.025853873547627235,1.1480372814477176,0.1551232412857634,15.0,16.0,"[1, 0, 0, 0, 0, 0, 0, 0, 0, 0, 0, 0, 0, 0]","[3, 0, 0, 0, 0, 0, 0, 0, 0, 0, 0, 0, 0, 0]","[0, 0, 4, 0, 0, 0, 77, 0, 0, 0, 0, 0, 0, 0]","[0, 0, 2, 0, 0, 6, 4, 0, 0, 0, 0, 0, 0, 0]"
https://github.com/opscode/omnibus-ruby,2018-08-10,2018-10-10,2018-11-22,0.8036867535201161,1.3192972582535833,0.06560708192000948,0.47117759223342265,13.0,14.0,"[8, 22, 2, 0, 0, 0, 0, 0, 0, 0, 0, 0, 0, 0]","[3, 9, 1, 0, 0, 0, 0, 0, 0, 0, 0, 0, 0, 0]","[0, 0, 0, 0, 0, 0, 0, 0, 0, 0, 0, 0, 0, 0]","[0, 0, 0, 0, 0, 0, 0, 0, 0, 0, 0, 0, 0, 2]"
https://github.com/opscode/omnibus-ruby,2019-02-01,2019-02-25,2019-04-01,0.290493680753785,6.54254153188041,0.12449729175162214,0.4591257215354674,13.0,14.0,"[-5, 0, 0, 0, 0, 0, 0, 0, 0, 0, 0, 0, 0, 0]","[3, 0, 0, 0, 0, 0, 0, 0, 0, 0, 0, 0, 0, 0]","[0, 0, 0, 0, 0, 0, 0, 0, 0, 0, 0, 0, 0, 0]","[0, 0, 0, 0, 0, 0, 0, 0, 0, 0, 0, 0, 0, 0]"
https://github.com/opscode/omnibus-ruby,2019-06-14,2019-09-19,2019-10-22,2.379257643359193,-0.030473524714592873,0.26895955968408264,0.09142057414377862,15.0,16.0,"[-2, 0, 0, 0, 0, 0, 0, 0, 0, 0, 0, 0, 0, 0]","[2, 0, 0, 0, 0, 0, 0, 0, 0, 0, 0, 0, 0, 0]","[0, 0, 0, 0, 0, 0, 0, 0, 0, 0, 0, 0, 0, 0]","[0, 0, 0, 0, 0, 0, 0, 0, 0, 0, 0, 0, 0, 7]"
https://github.com/opscode/omnibus-ruby,2021-07-14,2021-07-29,2021-08-12,0.13037042402075064,10.388335697144289,0.4562964840726272,0.9186963541692227,6.0,7.0,"[49, 0, 0, -3, 0, 58, 0, 0, 0, 0, 0, 43, 0, 0]","[3, 0, 0, 1, 0, 6, 0, 0, 0, 0, 0, 2, 0, 0]","[0, 0, 0, 0, 0, 0, 0, 0, 0, 0, 0, 0, 0, 0]","[0, 0, 0, 0, 0, 0, 0, 0, 0, 0, 0, 1, 0, 0]"
https://github.com/splunk/splunk-sdk-java,2012-10-02,2013-02-21,2013-03-21,-542.5611185402634,-3876.193098346844,2.4825685206641537,2.068539354134581,6.0,7.0,"[2605, 0, 0, 0, 1, -23933, 0, 0, 139, 0, 0, 94, 745, 48]","[3, 0, 0, 0, 1, 2, 0, 0, 2, 0, 0, 1, 3, 2]","[0, 0, 0, 0, 0, 0, -23332, 0, 0, 0, 0, 0, -25209, 0]","[0, 0, 0, 0, 0, 0, 2, 0, 0, 0, 0, 0, 3, 0]"
https://github.com/splunk/splunk-sdk-java,2013-03-28,2013-06-03,2013-07-01,0.059748021019685724,93.8126941855304,0.044811015764764296,0.42609853528628494,7.0,8.0,"[62, 0, 0, 0, 0, 0, 0, 0, 0, 0, 0, 0, 0, 0]","[1, 0, 0, 0, 0, 0, 0, 0, 0, 0, 0, 0, 0, 0]","[0, 0, 0, 0, 0, 0, 0, 0, 0, 0, 0, 0, 0, 0]","[0, 0, 0, 0, 0, 0, 0, 0, 0, 0, 0, 0, 0, 0]"
https://github.com/splunk/splunk-sdk-java,2013-11-13,2014-03-20,2014-04-14,50.25843532744698,263.57692034619936,0.31505052704871955,0.9102506258202081,8.0,9.0,"[122, 0, 0, 0, 4, -3383, 3459, 0, 0, 0, 0, 0, 74, 0]","[4, 0, 0, 0, 1, 2, 3, 0, 0, 0, 0, 0, 1, 0]","[0, 0, 0, 0, 0, 0, 0, 984, 503, 0, 0, 378, 206, 516]","[0, 0, 0, 0, 0, 1, 0, 2, 1, 0, 0, 3, 4, 3]"
https://github.com/splunk/splunk-sdk-java,2014-04-18,2014-07-08,2014-08-11,0.0,-4.17345727706813,0.024644445401571825,0.6465919725035132,6.0,7.0,"[60, 2, 5, 0, 0, 39, 0, 0, 0, 0, 0, 0, 0, 0]","[2, 1, 1, 1, 0, 1, 0, 0, 0, 0, 0, 0, 0, 0]","[0, 0, 0, 0, 0, 0, 0, 0, 0, 0, 0, 0, 0, 0]","[0, 0, 0, 0, 0, 0, 0, 0, 0, 0, 0, 0, 0, 0]"
https://github.com/splunk/splunk-sdk-java,2015-04-20,2015-06-30,2015-08-11,1.6178837377282802,38.99046942615163,0.02813710848223096,0.8093259832046125,5.0,6.0,"[8, 0, 0, 0, 0, 0, 69, 0, 144, 0, 132, 0, 0, 0]","[1, 0, 0, 0, 0, 0, 3, 0, 4, 0, 3, 0, 0, 1]","[0, 0, 0, 0, 0, 0, 0, 0, 0, 0, 0, 0, 0, 0]","[0, 0, 0, 0, 0, 0, 0, 0, 0, 0, 0, 0, 0, 0]"
https://github.com/splunk/splunk-sdk-java,2016-10-11,2017-01-16,2017-04-24,4.730068267497457,4.178050233788707,0.26046631428950756,0.2139976949013728,5.0,6.0,"[30, 0, 0, 0, 2, 0, 0, 0, 0, 0, 0, 0, 0, 0]","[2, 0, 0, 0, 1, 0, 0, 0, 0, 0, 0, 0, 0, 0]","[0, 0, 0, 0, 0, 0, 0, 0, 0, 0, 0, 0, 0, 0]","[0, 0, 0, 0, 0, 0, 0, 0, 0, 0, 0, 0, 0, 0]"
https://github.com/jquery/api.jqueryui.com,2012-11-23,2013-01-07,2013-01-26,2.6658608700308677,0.5809866258150257,0.26438289620140837,0.8978884217141306,5.0,6.0,"[0, 0, 0, 0, 0, 0, 6, 0, 0, 23, 0, 0, 0, 0]","[2, 0, 0, 0, 0, 0, 1, 1, 0, 9, 0, 0, 0, 0]","[0, 0, 0, 0, 0, 0, 0, 0, 0, 0, 0, 0, 0, 0]","[0, 0, 0, 0, 0, 0, 0, 0, 0, 0, 1, 0, 0, 0]"
https://github.com/jquery/api.jqueryui.com,2013-01-07,2013-01-26,2013-02-12,0.4225357278654732,10.836267259860785,0.8450714557309464,0.8930989499885261,6.0,7.0,"[3, 0, 0, 0, 0, 0, 0, 0, 0, 0, 0, 0, 16, 166]","[1, 0, 1, 1, 1, 0, 0, 0, 0, 1, 0, 1, 6, 2]","[0, 6, 0, 0, 0, 23, 0, 0, 0, 0, 0, -21, 0, 0]","[0, 1, 1, 0, 0, 9, 0, 0, 0, 0, 1, 2, 0, 0]"
https://github.com/rightscale/right_api_client,2014-01-08,2014-01-24,2014-03-13,7.201288926351311,3.4345045806644814,0.6888189407814298,0.4371187648118431,5.0,6.0,"[28, 0, 0, 0, 34, 35, 68, 0, 0, 0, 0, 0, 0, 0]","[4, 0, 0, 1, 7, 5, 3, 0, 0, 0, 0, 0, 0, 0]","[0, 0, 0, 0, 0, 0, 0, 0, 0, 0, 0, 0, 0, 50]","[0, 0, 0, 0, 0, 0, 0, 0, 0, 0, 0, 0, 0, 6]"
https://github.com/plone/plone.app.discussion,2010-11-23,2010-12-15,2011-03-02,39.12297533661914,-1.5726499943664156,2.6623478026073,0.6108640473985251,9.0,10.0,"[-16, 0, 0, 0, 0, 5, 0, 0, 0, 0, 0, 0, 0, 0]","[5, 0, 0, 0, 0, 1, 0, 0, 0, 0, 0, 0, 0, 0]","[188, 25, 0, -1, 0, 0, 42, 172, -24, 120, 62, 0, 38, 27]","[5, 2, 0, 3, 0, 0, 2, 9, 3, 3, 7, 0, 2, 1]"
https://github.com/plone/plone.app.discussion,2012-01-24,2012-02-08,2012-03-14,0.9847773097407958,5.256614934931625,0.6330711276905117,0.2811024029375201,13.0,14.0,"[17, 0, 0, 0, 0, 0, 0, 0, 0, 0, 0, 0, 0, 0]","[1, 0, 0, 0, 0, 0, 0, 0, 0, 0, 0, 0, 0, 0]","[9, -2, 0, 0, 0, 0, 0, 0, 0, 0, 0, 1, 0, 0]","[3, 1, 0, 0, 0, 0, 0, 0, 0, 0, 0, 2, 0, 0]"
https://github.com/plone/plone.app.discussion,2012-03-14,2012-04-12,2012-05-15,14.643545279383428,0.06054382227024618,0.42038885969521805,0.06054382227024618,13.0,14.0,"[2, 0, 0, 0, 0, 0, 0, 0, 0, 0, 0, 0, 0, 0]","[1, 0, 0, 0, 0, 0, 0, 0, 0, 0, 0, 0, 0, 0]","[0, 0, 20, 0, 14, 0, 6, 0, 0, 0, 0, 0, 0, 0]","[0, 0, 1, 0, 1, 0, 3, 0, 0, 0, 0, 0, 0, 0]"
https://github.com/plone/plone.app.discussion,2012-08-02,2012-08-22,2012-09-17,-0.2571518880722597,2.350198480825709,0.05143037761445193,0.23116706368777465,12.0,13.0,"[0, 0, 0, 0, 0, 0, 0, 6, 0, 0, 1, 0, 0, 0]","[1, 0, 0, 0, 0, 0, 0, 2, 0, 0, 1, 0, 0, 0]","[0, 0, 0, 0, 0, 0, 0, 0, 0, 0, 0, 0, 0, 0]","[0, 0, 0, 0, 0, 0, 0, 0, 0, 0, 0, 0, 0, 0]"
https://github.com/plone/plone.app.discussion,2013-09-20,2013-10-18,2013-11-05,13.360292912180993,2.151647826511279,0.3147712989780862,0.1744579318792929,15.0,16.0,"[8, 0, 0, 0, 0, 0, 0, 0, 0, 0, 0, 0, 0, 0]","[1, 0, 0, 1, 0, 0, 0, 0, 0, 0, 0, 0, 0, 0]","[0, 0, 0, 0, 0, -437, 0, 0, 0, 0, 0, 3, 0, 0]","[0, 0, 0, 0, 0, 2, 0, 0, 0, 0, 0, 1, 0, 0]"
https://github.com/plone/plone.app.discussion,2014-03-04,2014-04-18,2014-05-12,2.100862382507966,96.94493485462965,0.5749728625811275,0.5795171169789988,13.0,14.0,"[1868, 0, 0, 0, 0, 0, 0, 0, 0, 0, 4, 0, 0, 133]","[7, 0, 0, 0, 0, 0, 0, 0, 0, 0, 1, 0, 0, 3]","[0, -5, 0, 0, 0, 0, 0, 0, 0, 0, 0, 0, 0, 0]","[0, 4, 0, 0, 0, 0, 0, 0, 0, 0, 0, 0, 0, 0]"
https://github.com/plone/plone.app.discussion,2014-09-05,2014-10-09,2014-10-23,1.4957539854015987,0.0,0.23462807614142725,0.20566074863051523,12.0,13.0,"[0, 0, 0, 0, 0, 0, 0, 0, 0, 0, 0, 0, 0, 0]","[2, 0, 0, 0, 0, 0, 0, 0, 0, 0, 0, 0, 0, 0]","[0, 0, 0, 0, 0, 0, 0, 0, 0, 0, 0, 0, 0, 6]","[0, 0, 0, 0, 0, 0, 0, 0, 0, 0, 0, 0, 0, 2]"
https://github.com/plone/plone.app.discussion,2014-10-09,2014-10-23,2014-12-11,0.0,1.0087188322535559,0.13710716575367682,0.12351659170451705,13.0,14.0,"[6, 0, 0, 0, 0, 0, 0, 0, 0, 0, 0, 0, 0, 0]","[2, 0, 0, 0, 0, 0, 0, 0, 0, 0, 0, 0, 0, 0]","[0, 0, 0, 0, 0, 0, 0, 0, 0, 0, 0, 0, 0, 0]","[0, 0, 0, 0, 0, 0, 0, 0, 0, 0, 0, 0, 0, 0]"
https://github.com/plone/plone.app.discussion,2015-09-15,2015-11-09,2016-01-22,-4.0154549930003345,-145.42586239430617,0.1998642756696999,0.16317067309319064,8.0,9.0,"[-10818, 0, 0, 0, 1, 0, 0, 0, 0, 0, 0, 0, 0, 1]","[3, 0, 0, 0, 1, 0, 0, 0, 0, 0, 0, 0, 0, 1]","[0, 0, 0, 0, 6, 0, 0, 0, 0, -7, 0, 0, 0, 2]","[0, 0, 0, 0, 1, 0, 0, 0, 0, 1, 0, 0, 0, 1]"
https://github.com/plone/plone.app.discussion,2015-11-09,2016-01-22,2016-02-10,-146.8400082277805,12.787047387109233,0.14957311700209142,0.675738276554553,9.0,10.0,"[210, 0, 0, -56, 0, 0, 0, 0, 0, -56, 0, 0, 0, 69]","[4, 0, 0, 1, 0, 0, 0, 0, 0, 1, 0, 0, 0, 1]","[0, 0, 0, 0, 0, 0, 0, 0, 0, 0, 0, 0, 0, 0]","[0, 0, 0, 0, 0, 0, 0, 0, 0, 0, 0, 0, 0, 0]"
https://github.com/plone/plone.app.discussion,2016-03-11,2016-06-10,2016-09-10,1.4876996928175634,-5.303431761799398,0.1983599590423418,0.22822144876595768,8.0,9.0,"[77, -282, 0, -290, 0, 0, 0, 0, 0, 0, 0, 0, 0, 0]","[1, 7, 0, 2, 0, 0, 0, 0, 0, 0, 0, 0, 0, 0]","[0, 0, 0, 0, 1, 0, 0, 0, 0, 0, 12, 0, 0, 77]","[0, 0, 0, 0, 1, 0, 1, 0, 0, 0, 4, 0, 0, 1]"
https://github.com/plone/plone.app.discussion,2017-06-21,2017-07-14,2017-07-28,1.954953180578618,1.6144628967836872,0.177723016416238,0.2018078620979609,7.0,8.0,"[4, 0, 0, 0, 0, 0, 0, 0, 0, 0, 0, 0, 0, 0]","[2, 0, 0, 0, 0, 0, 0, 0, 0, 0, 0, 0, 0, 0]","[0, 0, 0, 9, 0, 0, 0, 0, 0, 0, 0, 0, 0, 0]","[0, 0, 0, 2, 0, 0, 0, 0, 0, 0, 0, 0, 0, 0]"
https://github.com/plone/plone.app.discussion,2017-07-29,2018-06-27,2018-12-13,0.36918672131189684,2.0498044949868093,0.0780394695456042,0.20142587522991767,9.0,10.0,"[0, 0, 0, 0, 0, 0, 0, 0, 0, 0, 0, 0, 0, 91]","[1, 0, 0, 0, 0, 0, 0, 0, 0, 0, 0, 0, 0, 1]","[0, -3, 0, 0, -3, 0, 0, 0, 0, 0, 0, 0, 0, 0]","[0, 2, 0, 0, 1, 0, 0, 0, 0, 0, 0, 0, 0, 0]"
https://github.com/flowdock/oulu,2013-01-21,2013-02-26,2013-03-12,12.254967539616045,18.148733616756278,0.30637418849040116,0.569372035035491,5.0,6.0,"[48, 0, 0, 0, 0, 0, 5, 0, 108, 0, 0, 0, 0, 0]","[4, 0, 0, 0, 0, 0, 1, 0, 2, 0, 0, 0, 0, 0]","[0, 0, 0, 0, 0, 0, 0, 0, 0, 0, 0, 0, 0, 0]","[0, 0, 0, 0, 0, 0, 0, 0, 0, 0, 0, 0, 0, 2]"
https://github.com/flowdock/oulu,2013-03-14,2013-04-05,2013-05-08,43.33830552533741,17.040417811434732,1.4536957828205421,0.3955811277654491,6.0,7.0,"[368, 0, 0, 0, 13, 39, 0, 0, 0, 0, 0, 0, 0, 0]","[1, 0, 0, 0, 1, 4, 0, 0, 0, 0, 0, 0, 0, 0]","[64, 0, 0, 0, 0, 0, 92, 99, 0, 80, 0, 417, 168, 33]","[1, 0, 0, 0, 0, 1, 3, 6, 0, 2, 1, 10, 2, 5]"
https://github.com/schwern/test-more,2013-05-24,2013-09-27,2014-03-21,0.0,0.3758640493195011,0.015867012398582656,0.051254188543568335,5.0,6.0,"[5, 0, 0, 0, 0, 0, 0, 0, 0, 0, 0, 0, 0, 0]","[3, 0, 0, 0, 0, 0, 0, 0, 0, 0, 0, 0, 0, 0]","[0, 0, 0, 0, 0, 0, 0, 0, 0, 0, 0, 0, 0, 0]","[0, 0, 0, 0, 0, 0, 0, 0, 0, 0, 0, 0, 0, 0]"
https://github.com/schwern/test-more,2013-09-27,2014-03-21,2014-05-05,0.13667783611618223,1.1031455124912937,0.04555927870539408,0.09005269489724846,6.0,7.0,"[42, 0, 0, 0, 0, 0, 0, 0, 0, 0, 0, 0, 0, 0]","[1, 0, 0, 0, 0, 0, 0, 0, 0, 0, 0, 0, 0, 0]","[0, 0, 0, 0, 0, 0, 0, 0, 0, 0, 0, 0, 0, 0]","[0, 0, 0, 0, 0, 0, 0, 0, 0, 0, 0, 0, 0, 0]"
https://github.com/schwern/test-more,2014-03-21,2014-05-05,2014-09-02,1.0356059913183573,0.5340223395868686,0.06753952117293635,0.07509689150440339,7.0,8.0,"[3, 0, 0, 0, 0, 53, 0, 0, 0, 0, 0, 0, 3, 0]","[1, 0, 0, 0, 0, 3, 0, 1, 0, 0, 0, 0, 1, 0]","[0, 0, 0, 0, 0, 0, 0, 1, 0, 3, 0, 0, 0, 0]","[0, 0, 0, 0, 0, 0, 0, 1, 0, 1, 0, 0, 0, 0]"
https://github.com/schwern/test-more,2014-12-20,2015-09-12,2015-11-20,98.07964973945644,151.04892590885692,0.5274314728249174,2.0419790060032064,7.0,8.0,"[4, 4, 0, 0, 0, 0, 0, 0, 0, 0, 0, 0, 0, 0]","[2, 1, 0, 0, 0, 0, 1, 1, 0, 0, 0, 0, 0, 0]","[0, 0, 0, 0, 0, 0, 0, 0, 0, 0, 0, 5437, 0, 0]","[0, 0, 0, 0, 0, 0, 0, 0, 0, 0, 0, 2, 0, 0]"
https://github.com/schwern/test-more,2015-09-12,2015-11-20,2015-12-29,151.0776861765471,-643.6806378495977,2.0275988721581135,2.979177761319788,8.0,9.0,"[59, 0, 0, 0, 0, 82, 93, 0, 0, 0, 0, 0, 0, 0]","[4, 0, 0, 0, 0, 4, 1, 1, 0, 0, 0, 0, 0, 0]","[871, 0, 0, 5, 0, 0, 0, 0, 0, 0, 0, 50, 62, 63]","[8, 0, 0, 4, 0, 0, 0, 0, 0, 0, 0, 4, 4, 2]"
https://github.com/schwern/test-more,2015-11-20,2015-12-29,2016-03-06,-644.3172142943241,21.951579568940065,2.9537147035307303,1.4909949808089755,9.0,10.0,"[25, 0, 0, 0, 18, 1, -146, 194, 4, 122, 89, 10, 52, 128]","[1, 0, 0, 0, 4, 1, 18, 12, 3, 7, 2, 4, 1, 15]","[526, 58, 0, 0, 5, -671, 5, 0, 0, 0, 0, 0, 178, 237]","[18, 1, 0, 0, 4, 21, 5, 0, 0, 0, 0, 0, 6, 11]"
https://github.com/schwern/test-more,2015-12-29,2016-03-06,2016-05-03,21.12488928255093,267.95758480688653,1.4762326542663124,2.6203999291392956,10.0,11.0,"[194, 103, 14, 28, 0, 0, 0, 0, 239, 0, 0, 0, 0, 19]","[7, 6, 4, 6, 0, 0, 0, 0, 3, 0, 0, 0, 0, 2]","[0, 0, 0, 0, 0, 0, 0, 0, 0, 0, 0, 0, 0, 0]","[0, 0, 0, 0, 0, 0, 0, 0, 0, 0, 0, 0, 0, 0]"
https://github.com/schwern/test-more,2016-06-24,2016-07-21,2016-08-10,37.88327611841154,5.495666154957944,1.9979804364415599,0.9236413705811671,11.0,12.0,"[0, 0, 0, 0, 0, 0, 22, 4, 0, 0, 0, 0, 0, 0]","[2, 0, 0, 0, 0, 0, 6, 2, 0, 0, 0, 0, 0, 0]","[206, 2, 54, 62, 0, 604, 2, 6, 0, 0, 0, 0, 30, 0]","[6, 1, 1, 6, 0, 8, 2, 3, 0, 0, 0, 0, 5, 0]"
https://github.com/liip/LiipFunctionalTestBundle,2011-11-18,2011-12-08,2012-01-03,1.1929328394229326,2.9929679110423426,0.49705534975955523,0.23022830084941098,5.0,6.0,"[12, 0, 0, 0, 0, 0, 0, 0, 0, 12, 0, 0, 0, 0]","[1, 0, 0, 0, 0, 0, 0, 0, 0, 1, 0, 0, 0, 0]","[0, 0, 0, 0, 0, 0, 0, 0, 5, 0, 0, 0, 13, 0]","[0, 0, 1, 0, 0, 0, 0, 0, 1, 0, 0, 0, 3, 0]"
https://github.com/liip/LiipFunctionalTestBundle,2018-05-09,2018-06-25,2018-12-10,1.0933200142024415,2.7289060037294552,0.4073152994087527,0.3448290810812819,5.0,6.0,"[151, 0, 0, 0, 0, 0, 0, 0, 0, 0, 0, 0, 0, 0]","[1, 0, 0, 0, 0, 0, 0, 0, 0, 0, 0, 0, 0, 0]","[16, 0, 0, 0, 0, 0, 0, 0, 0, 0, 0, 0, 0, 0]","[4, 0, 0, 0, 0, 0, 0, 0, 0, 0, 0, 3, 0, 0]"
https://github.com/Normation/ldap-inventory,2012-05-25,2012-12-07,2013-01-21,3.497181585055718,312.84342220884,0.24505797968273643,0.7300122283193128,5.0,6.0,"[2, 0, 0, 0, 0, 2, 0, 0, 0, 0, 0, 0, 0, 0]","[1, 0, 0, 0, 1, 2, 0, 0, 0, 0, 0, 0, 0, 1]","[0, 0, 0, 0, 0, 0, 0, 0, 0, 0, 0, 0, 0, 2]","[0, 0, 0, 0, 0, 0, 0, 0, 0, 0, 0, 0, 0, 1]"
https://github.com/Normation/ldap-inventory,2012-12-07,2013-01-21,2013-03-29,312.9761517048981,2.939904915300346,0.7078906456429699,0.34323762970511656,6.0,7.0,"[-6, 0, 0, -6, 0, 0, 0, 0, 0, 0, -6, 0, 0, 0]","[1, 0, 0, 1, 0, 0, 0, 0, 0, 2, 5, 0, 2, 0]","[4, 4, 0, 6930, 0, 0, 3465, 0, 2452, 48, 1238, 0, 0, 0]","[1, 1, 3, 2, 0, 0, 1, 0, 5, 2, 1, 0, 0, 0]"
https://github.com/Normation/ldap-inventory,2013-01-21,2013-03-29,2013-11-21,2.939904915300346,75.83763376788427,0.32831425450054624,0.5277056457907778,7.0,8.0,"[0, 0, 0, 8, 0, 0, 0, 0, 0, 0, 0, 0, 0, 0]","[4, 0, 0, 2, 0, 2, 3, 0, 0, 0, 1, 0, 0, 0]","[0, 0, 0, 0, 0, 0, 0, 0, 0, 0, 0, 0, 0, 0]","[0, 0, 0, 0, 0, 0, 0, 0, 0, 0, 0, 0, 0, 2]"
https://github.com/Normation/ldap-inventory,2014-03-17,2015-05-13,2015-10-29,72.41876700828837,14.383545468441291,0.44724853656721575,0.502714376980884,6.0,7.0,"[18, 0, 0, 0, 0, 56, 0, 0, 0, 0, 0, 0, 0, 0]","[3, 0, 0, 0, 0, 3, 0, 2, 0, 0, 0, 0, 0, 0]","[0, 0, 0, 0, 0, 0, 0, 0, 0, 0, 0, 0, 0, 10180]","[0, 0, 0, 0, 0, 0, 0, 0, 0, 0, 0, 0, 0, 4]"
https://github.com/Normation/ldap-inventory,2015-05-13,2015-10-29,2015-12-09,14.454516909897416,5.445061254384184,0.4968000901928736,0.26980033242444157,7.0,8.0,"[-12, 0, 0, 38, 0, 0, 0, 0, 0, 0, 0, 0, 0, 0]","[1, 0, 0, 2, 0, 0, 0, 0, 0, 0, 0, 0, 0, 0]","[0, 0, 0, 0, 0, 0, 0, 0, 0, 0, 0, 0, 0, 1932]","[8, 0, 0, 0, 0, 0, 0, 0, 0, 0, 0, 8, 0, 8]"
https://github.com/Normation/ldap-inventory,2015-10-29,2015-12-09,2016-01-02,0.9320375120117073,39.15974166414599,0.24527302947676505,0.834962508830405,8.0,9.0,"[938, 0, 0, 0, 0, 0, 0, 0, 0, 0, 0, 0, 0, 0]","[11, 4, 0, 0, 0, 0, 0, 0, 0, 0, 0, 0, 0, 2]","[0, 0, 0, 0, 0, 0, 0, 0, 0, 0, 0, 0, 0, 12]","[0, 0, 0, 0, 0, 0, 0, 0, 1, 0, 0, 0, 0, 6]"
https://github.com/exoplatform/integration,2012-03-27,2012-04-16,2012-07-25,0.0,-2.7277518147369513,0.05053391065206876,0.22981059245036586,7.0,8.0,"[0, 0, 0, 0, 0, 0, 0, 0, 0, 0, 0, 0, 0, 0]","[2, 0, 0, 0, 0, 0, 0, 1, 0, 0, 0, 0, 0, 0]","[0, 0, 0, 0, 0, 0, 0, 0, 0, 0, 0, 0, 0, 0]","[0, 0, 0, 0, 0, 0, 0, 0, 0, 0, 0, 0, 0, 0]"
https://github.com/exoplatform/integration,2012-08-07,2012-09-19,2012-10-13,6.541644561194747,-1.0965885376622806,0.3015651748068501,0.3374118577422402,9.0,10.0,"[0, 0, -31, 0, 0, 0, 0, 0, 0, 0, 0, 0, 0, 0]","[1, 0, 2, 0, 1, 1, 0, 0, 0, 0, 0, 0, 0, 0]","[0, 0, 207, 0, 0, 0, 0, 0, 0, 0, 0, -23, 0, 0]","[0, 2, 4, 0, 0, 0, 0, 0, 0, 0, 0, 1, 0, 0]"
https://github.com/exoplatform/integration,2012-09-19,2012-10-13,2012-11-05,-1.0965885376622806,-0.08563391896097511,0.29523537552446016,0.5138035137658507,10.0,11.0,"[0, 0, 0, 0, 0, 0, 0, 0, 0, 0, 0, 0, 0, 0]","[2, 0, 0, 0, 0, 0, 0, 0, 0, 0, 0, 0, 0, 0]","[0, 0, 0, 0, 0, 0, 1, 0, 0, 0, 4, 0, 0, 0]","[0, 0, 0, 0, 0, 0, 1, 0, 0, 0, 1, 0, 0, 0]"
https://github.com/exoplatform/integration,2013-10-07,2013-11-18,2014-01-13,127.82691282133227,-108.79616327605352,0.7801531575927437,1.0015757263618275,18.0,19.0,"[24, -45, 0, 0, 0, 0, 1, 0, 0, 0, 0, 0, 0, 0]","[1, 3, 0, 0, 0, 0, 1, 4, 0, 0, 0, 0, 0, 0]","[0, 0, 0, 0, 0, 0, 0, 0, 0, 0, 24, 0, 0, 0]","[0, 0, 0, 0, 0, 0, 2, 0, 1, 0, 1, 0, 0, 0]"
https://github.com/exoplatform/integration,2015-01-27,2015-02-11,2015-03-02,-17.384884344549462,-449.4150297693379,0.06686493978672871,0.31578524166951955,16.0,17.0,"[-7920, 0, 0, 0, 0, 0, 0, 0, 0, 0, 0, 0, 0, 0]","[3, 0, 0, 0, 0, 0, 0, 0, 0, 0, 0, 0, 0, 0]","[0, 0, 0, 0, 0, 0, 0, 0, 0, 0, 0, 0, 0, 0]","[0, 0, 0, 0, 0, 0, 0, 0, 0, 0, 0, 0, 0, 0]"
https://github.com/exoplatform/integration,2015-04-23,2015-05-19,2015-08-19,2.0641544293313796,86.23921003777694,0.15290032809862072,0.2728398191526732,13.0,14.0,"[0, 0, 0, 0, 0, 0, -795, 0, 0, 0, 0, 0, 0, 0]","[1, 0, 1, 1, 0, 0, 1, 0, 0, 0, 0, 0, 0, 0]","[0, 0, 0, 0, 0, 0, 0, 0, 0, 0, 0, 0, 0, 49]","[0, 0, 0, 0, 0, 0, 0, 0, 0, 1, 0, 0, 0, 2]"
https://github.com/exoplatform/integration,2015-05-19,2015-08-19,2015-09-10,9.560307263109669,501.50301252935384,0.1964446697899247,2.0680536599148613,14.0,15.0,"[11155, 0, 0, 0, 0, 0, 0, 0, 0, 0, 0, 0, 0, 0]","[45, 0, 0, 0, 0, 0, 0, 0, 0, 0, 0, 0, 0, 0]","[10, 0, 0, 0, 0, 0, 0, 0, 0, 0, 0, 0, 0, 0]","[1, 0, 0, 0, 0, 0, 0, 0, 0, 0, 0, 0, 0, 0]"
https://github.com/exoplatform/integration,2016-04-18,2016-05-31,2016-10-12,9.975927895650226,9.303200306500786,0.06976173353601557,0.6341395557759156,6.0,7.0,"[5, 0, -17, 0, 0, 0, 0, 0, 0, 0, 0, 0, 0, 0]","[1, 0, 6, 0, 0, 0, 0, 0, 0, 4, 0, 0, 0, 0]","[0, 0, 0, 0, 0, 0, 0, 0, 0, 11, 0, 0, 0, 0]","[0, 0, 1, 0, 0, 0, 0, 0, 0, 1, 0, 0, 0, 0]"
https://github.com/exoplatform/integration,2016-12-16,2017-01-05,2017-02-07,5.3974116384607616,0.18143706979132287,0.5548740936735362,0.15119755815943572,7.0,8.0,"[1, 0, 0, 0, 0, 0, 0, 0, 0, 0, 0, 0, 0, 0]","[2, 0, 0, 0, 0, 0, 0, 0, 0, 0, 0, 0, 0, 0]","[0, 0, 0, 0, -2, 0, 3, 0, 0, 0, 0, 0, 0, 0]","[0, 0, 0, 0, 1, 0, 2, 0, 0, 0, 0, 0, 0, 1]"
https://github.com/exoplatform/integration,2017-06-06,2017-08-01,2017-12-14,163.94416158987207,105.66406958341467,0.1605197404600575,0.3555717428494044,6.0,7.0,"[0, 0, 0, 0, 0, 0, 0, 0, 0, 0, 0, 0, 0, 0]","[1, 1, 0, 0, 0, 0, 0, 0, 0, 0, 0, 0, 0, 0]","[0, 0, 0, 0, 0, 0, 0, 4599, 0, 0, 0, 0, -6, 0]","[0, 0, 0, 0, 0, 0, 0, 2, 0, 0, 0, 0, 1, 0]"
https://github.com/exoplatform/integration,2017-08-01,2017-12-14,2018-07-18,105.66406958341467,21.45839980916087,0.3481639982067085,0.24089740718401667,7.0,8.0,"[0, 0, 0, 0, 0, 0, 0, 0, 0, 29, 0, 0, 0, 0]","[1, 0, 0, 0, 0, 1, 0, 0, 0, 1, 0, 0, 0, 0]","[0, 0, 0, 0, 0, 0, 0, 0, 0, 0, 30, 30, 0, 16]","[0, 0, 0, 0, 0, 0, 1, 0, 0, 0, 1, 1, 0, 3]"
https://github.com/Kunstmaan/KunstmaanPagePartBundle,2012-06-20,2012-08-06,2012-09-27,2.441334315479322,25.877752388516274,0.27359781121751026,0.6009066097707899,6.0,7.0,"[3, -1, 0, -6, 0, 0, 0, 0, 0, 0, 0, 0, 0, 56]","[2, 2, 0, 1, 0, 0, 0, 0, 0, 0, 0, 0, 0, 3]","[0, 0, 0, 0, 0, 0, 0, 0, 52, 0, 1, 0, 0, 0]","[0, 0, 0, 0, 0, 0, 0, 1, 4, 0, 1, 0, 0, 0]"
https://github.com/Kunstmaan/KunstmaanPagePartBundle,2012-08-06,2012-09-27,2012-10-31,25.974672809447046,10.052485218027748,0.5815225255846354,0.6428914965017746,7.0,8.0,"[-5, 0, -273, 0, 0, 0, 0, 0, 0, 0, 0, 0, 9, 0]","[1, 0, 1, 0, 0, 0, 0, 0, 0, 0, 0, 0, 3, 0]","[0, 0, 0, 0, 1, 0, 49, -6, 0, 0, 0, 0, 0, 0]","[0, 0, 0, 1, 1, 1, 3, 4, 1, 0, 0, 1, 0, 0]"
https://github.com/Kunstmaan/KunstmaanPagePartBundle,2012-10-31,2012-11-22,2012-12-12,0.045737081656571685,0.6538622523202737,0.045737081656571685,0.15089128899698626,7.0,8.0,"[2, 0, 0, 0, 0, 0, 0, 0, 0, 0, 0, 0, 0, 4]","[1, 0, 0, 0, 0, 0, 0, 0, 0, 0, 0, 0, 0, 1]","[0, 0, 0, 0, 0, 0, 0, 0, 0, 0, 0, 0, 0, 0]","[0, 0, 0, 0, 0, 0, 0, 0, 0, 0, 0, 0, 0, 0]"
https://github.com/Kunstmaan/KunstmaanPagePartBundle,2012-11-22,2012-12-12,2013-01-21,0.3017825779939725,-0.34661508704061894,0.10059419266465751,0.42088974854932304,8.0,9.0,"[23, 0, 0, 0, 0, 0, 0, 0, 0, 0, 0, 0, 0, 0]","[7, 0, 0, 0, 0, 0, 0, 0, 0, 0, 0, 0, 0, 0]","[0, 0, 0, 0, 0, 0, 0, 4, 0, 0, 0, 0, 0, 0]","[0, 0, 0, 0, 0, 0, 0, 1, 0, 0, 0, 0, 0, 0]"
https://github.com/Kunstmaan/KunstmaanPagePartBundle,2013-01-28,2013-03-08,2013-05-06,-2.309125917443997,19.162503316528284,0.4361682288505328,0.28803055382933757,10.0,11.0,"[0, 0, 0, 0, -9, 1, 0, 0, 0, 0, 0, -3, -12, 0]","[1, 0, 0, 0, 1, 2, 0, 0, 0, 0, 2, 1, 1, 0]","[0, 0, 0, 0, 4, 2, 1, 0, 0, 0, 0, 0, 4, 0]","[0, 0, 0, 0, 8, 2, 1, 0, 0, 0, 0, 0, 2, 0]"
https://github.com/Kunstmaan/KunstmaanPagePartBundle,2013-03-08,2013-05-06,2013-06-24,19.06084547400028,26.814032533315686,0.27108758007467065,0.24506351134789658,11.0,12.0,"[6, 0, 0, 0, 0, 0, 0, 31, 10, 0, 0, 0, 0, 0]","[1, 0, 0, 0, 0, 0, 0, 2, 1, 0, 0, 0, 0, 0]","[0, 0, -8, 0, 0, 0, 0, 0, 0, 0, 0, 0, 0, 0]","[0, 0, 2, 1, 0, 0, 0, 0, 0, 0, 0, 0, 0, 0]"
https://github.com/Kunstmaan/KunstmaanPagePartBundle,2014-02-04,2014-04-04,2014-05-06,0.15281111732321145,1.2813524229186433,0.05093703910773715,0.34377747931963604,11.0,12.0,"[3, 0, 0, 0, 16, 20, 0, 0, 0, 0, 0, 0, 1, 0]","[4, 1, 0, 0, 3, 1, 0, 0, 0, 0, 0, 0, 1, 0]","[0, 0, 0, 0, 0, 0, 0, 0, 0, 0, 0, 0, 0, 9]","[0, 0, 0, 0, 0, 0, 0, 0, 0, 0, 0, 0, 0, 2]"
https://github.com/Kunstmaan/KunstmaanPagePartBundle,2016-03-04,2016-06-20,2016-07-06,13.642902334897569,-3.5601103410521544,0.14829241668366921,0.1271467978947198,6.0,7.0,"[-56, 0, 0, 0, 0, 0, 0, 0, 0, 0, 0, 0, 0, 0]","[1, 0, 0, 0, 0, 0, 0, 0, 0, 0, 0, 0, 0, 0]","[0, 0, 0, 0, 0, 0, 0, 0, 0, 0, 0, 0, 0, 0]","[0, 0, 0, 0, 0, 0, 0, 0, 0, 0, 0, 0, 0, 0]"
https://github.com/SpringSource/spring-net,2012-08-13,2012-10-08,2013-01-10,196.75689929730495,483.9370257977831,0.5129866114916699,0.5640539753536793,5.0,6.0,"[179, 31, 681, 0, 0, 0, 0, 0, 0, 0, 0, 0, 0, 155]","[3, 1, 4, 0, 0, 0, 0, 0, 0, 0, 0, 0, 0, 2]","[0, 0, 247, 189, 0, 0, 0, 0, 0, 44, 0, 0, 0, 0]","[0, 0, 1, 1, 0, 0, 0, 0, 1, 1, 0, 0, 0, 0]"
https://github.com/SpringSource/spring-net,2013-01-10,2013-02-08,2013-03-22,-3093.5386820354297,-0.14140513717443948,0.5596885760614102,0.18854018289925265,6.0,7.0,"[22, 0, 0, 0, 0, 0, 0, 0, 0, 0, 0, 0, 0, 0]","[2, 0, 0, 0, 0, 0, 0, 0, 0, 0, 0, 0, 0, 0]","[0, 0, 8, 0, 0, 0, 0, 0, 0, 0, 0, 0, 0, 0]","[0, 0, 2, 0, 0, 0, 0, 0, 0, 0, 0, 0, 0, 0]"
https://github.com/SpringSource/spring-net,2013-05-18,2013-10-20,2013-11-10,0.05803786343636995,-7915.428664098926,0.012897302985859989,0.8874113115751064,5.0,6.0,"[29, 0, 0, 0, 0, -2, 0, 58, 181, -76712, 0, 0, 0, 0]","[2, 0, 0, 0, 0, 1, 0, 1, 2, 4, 0, 0, 0, 0]","[0, 0, 0, 0, 0, 0, 0, 0, 0, 0, 0, 0, 0, 0]","[0, 0, 0, 0, 0, 0, 0, 0, 0, 0, 0, 0, 0, 0]"
https://github.com/swagger-api/swagger-js,2014-09-01,2014-09-18,2014-11-21,54.34323664383236,-182.9729581261323,1.0945264178012561,0.7675434421864981,5.0,6.0,"[-3, -45, 0, 4, 32, 0, 0, 4, 35, 13, 0, 0, 2, 80]","[2, 2, 0, 1, 3, 0, 0, 1, 1, 2, 0, 0, 2, 2]","[0, 0, 2138, 0, 0, 0, 0, 11, 0, 30, 0, -1308, 0, 72]","[0, 0, 2, 0, 0, 0, 0, 4, 0, 1, 0, 2, 0, 9]"
https://github.com/swagger-api/swagger-js,2015-12-18,2016-01-06,2016-02-12,4.433629106448645,30.574112777023686,0.32050330889990203,0.9663459701254193,6.0,7.0,"[28, 63, 0, 0, 0, 0, 0, 559, 0, 0, 29, 0, 333, 0]","[2, 3, 0, 0, 0, 0, 0, 15, 0, 1, 5, 0, 2, 0]","[0, 0, 0, 0, 0, 0, 0, 0, 0, 0, 0, 83, 0, 0]","[0, 0, 0, 0, 0, 1, 0, 0, 0, 0, 0, 3, 0, 0]"
https://github.com/swagger-api/swagger-js,2016-06-09,2016-08-06,2016-09-02,38.864849028366585,11.066651688728038,0.7723818235086404,0.322329660836739,5.0,6.0,"[9, 0, 0, 0, 276, 0, 0, 0, 0, 0, 0, 0, 0, 0]","[1, 0, 0, 0, 7, 0, 0, 0, 0, 0, 0, 0, 0, 0]","[0, 0, 0, 1, 0, 0, 121, 0, 0, 0, 0, 0, 167, 0]","[0, 0, 0, 1, 0, 0, 3, 0, 0, 0, 0, 0, 1, 0]"
https://github.com/symfony-cmf/SimpleCmsBundle,2013-05-07,2013-06-12,2013-09-08,2.0094795180582783,23.971282818402223,0.33491325300971303,0.786130472656727,6.0,7.0,"[172, 0, 0, 0, 0, 0, 0, 12, 0, 0, 12, 12, 0, 0]","[2, 0, 0, 0, 0, 0, 0, 1, 0, 0, 1, 1, 0, 0]","[0, 0, 0, 0, 0, 0, 0, 0, 0, 0, 0, 0, 0, 0]","[1, 0, 0, 0, 0, 1, 0, 2, 0, 0, 0, 0, 0, 0]"
https://github.com/symfony-cmf/SimpleCmsBundle,2013-12-01,2014-04-07,2015-05-27,-1.6775128215922435,-0.04099210265708532,0.18813227905707405,0.11574240750235855,5.0,6.0,"[-12, 0, 0, 0, 4, 0, 4, -148, 46, 0, 0, 0, 0, 0]","[2, 0, 0, 0, 1, 0, 1, 3, 2, 0, 0, 0, 0, 0]","[0, 0, 0, 0, -323, 0, 0, 0, 179, -170, 0, 0, 0, 3]","[0, 0, 1, 0, 1, 0, 0, 0, 3, 3, 0, 0, 0, 1]"
https://github.com/sonatype/nexus-maven-plugins,2012-07-10,2012-07-31,2012-09-25,286.34109814985067,53.40896437437365,2.4561768583792305,0.9903649023062664,6.0,7.0,"[6, 0, 0, 354, 0, 0, 0, 0, -58, 15, 4, 0, 0, 0]","[2, 0, 0, 1, 0, 0, 0, 1, 3, 2, 1, 0, 0, 0]","[100, 0, 7106, 0, 0, 0, -3993, 1034, 0, 1475, 0, 0, 0, 0]","[6, 0, 1, 0, 0, 0, 10, 9, 0, 8, 0, 0, 0, 0]"
https://github.com/sonatype/nexus-maven-plugins,2012-09-26,2012-10-31,2012-11-27,2.022748112452933,6.865978747184463,0.3933121329769592,0.553707963482618,7.0,8.0,"[1, 1, 0, 0, 0, 0, 0, 0, 0, 0, 0, 0, 0, -2]","[6, 1, 0, 0, 0, 0, 0, 0, 0, 0, 0, 0, 0, 1]","[0, 0, 0, 0, 0, 0, 0, 0, 0, 0, 0, 1, 72, 0]","[0, 0, 0, 0, 0, 0, 0, 0, 0, 0, 0, 1, 8, 0]"
https://github.com/sonatype/nexus-maven-plugins,2012-10-31,2012-11-27,2013-03-08,6.423012376398368,42.807693739221776,0.5167940992504435,1.161256704727324,8.0,9.0,"[22, -5, 0, 0, 0, 0, 0, 0, 0, 0, 0, 0, 0, 35]","[2, 10, 0, 0, 0, 0, 0, 0, 0, 0, 0, 0, 0, 3]","[-2, 18, 0, 0, 0, 0, 0, 2, 154, 0, 0, 0, 0, 0]","[1, 4, 0, 0, 0, 0, 0, 1, 1, 0, 0, 0, 0, 0]"
https://github.com/sonatype/nexus-maven-plugins,2012-11-27,2013-03-08,2013-04-10,42.78784319726063,115.7656989827114,1.1513314337467484,1.1399576474068498,9.0,10.0,"[4, 0, 0, 159, 93, 2284, 239, 0, 0, 0, 0, 0, 0, 0]","[2, 0, 0, 1, 1, 4, 1, 0, 0, 0, 0, 0, 0, 0]","[-46, 0, 0, 0, 141, 0, 2042, 0, 0, 0, 0, 0, 0, 0]","[1, 0, 0, 0, 12, 0, 5, 0, 0, 0, 0, 1, 0, 0]"
https://github.com/sonatype/nexus-maven-plugins,2013-09-18,2013-11-07,2014-08-26,9.608607159121878,2.6258668864741637,0.21837743543458812,0.20938284977114247,5.0,6.0,"[0, 0, 0, 0, 0, 0, 0, 0, 0, 0, 24, 0, 0, 0]","[2, 0, 0, 0, 0, 0, 0, 0, 0, 3, 1, 0, 0, 0]","[0, 0, 0, 0, 0, 1, 0, 36, 0, 0, 0, 0, 0, -1]","[0, 0, 0, 0, 0, 1, 0, 3, 0, 0, 0, 0, 0, 1]"
https://github.com/msgpack/msgpack,2010-04-20,2010-05-04,2010-05-30,134.6212499940861,95.59116788145325,2.725126518098909,1.7730619848979232,6.0,7.0,"[122, 24, 0, -1, 0, 0, 0, 0, 0, 0, 0, 0, -1, 0]","[7, 7, 0, 1, 0, 0, 0, 0, 0, 0, 0, 0, 2, 2]","[0, -25, 0, 44, 470, 574, 18, 0, 96, 240, 0, 0, 559, 0]","[0, 3, 0, 3, 12, 1, 1, 0, 6, 5, 0, 0, 8, 0]"
https://github.com/msgpack/msgpack,2010-05-04,2010-05-30,2010-06-15,80.94413409316606,365.61410155947266,1.7345171591392727,2.1700006027779453,7.0,8.0,"[449, 2929, 100, 2269, 112, 0, 0, 0, 0, 0, 0, 31, 0, 0]","[7, 16, 3, 2, 4, 0, 0, 0, 0, 0, 0, 1, 0, 0]","[-1, 0, 0, 817, 253, 28, 248, 352, 65, 140, 14, 0, 26, 13]","[2, 2, 0, 5, 1, 2, 5, 1, 2, 4, 2, 0, 1, 3]"
https://github.com/JFrogDev/build-info,2010-04-08,2010-04-27,2011-01-05,113.90640933640519,15.068814025318922,2.243456584960532,1.2903686294336665,5.0,6.0,"[-9, 0, 0, 0, 22, 20, 0, 0, 98, 0, 0, 0, 25, 0]","[7, 0, 0, 0, 1, 2, 0, 0, 2, 0, 0, 0, 2, 0]","[173, 90, 0, 0, 61, 0, 0, 28, 0, 0, 0, 1207, 99, 4]","[6, 5, 0, 0, 5, 0, 0, 2, 0, 0, 0, 3, 6, 7]"
https://github.com/JFrogDev/build-info,2011-07-06,2011-11-01,2012-02-09,5.855821090938153,10.555508289609758,0.3723354450885531,0.9113389510004629,5.0,6.0,"[1, 0, 0, 0, 0, 0, 0, -1, -9, 0, 0, 0, 0, 0]","[1, 0, 0, 0, 0, 0, 0, 2, 1, 0, 0, 0, 0, 1]","[-95, 0, 0, 0, 0, 0, 0, 0, 0, 0, 0, 0, 0, 0]","[1, 0, 0, 0, 0, 0, 0, 0, 0, 0, 0, 0, 0, 0]"
https://github.com/JFrogDev/build-info,2012-10-11,2013-01-16,2013-04-03,2.5466366682362778,21.870828775605595,0.17527458850209202,0.3773075755458431,6.0,7.0,"[128, 0, 0, 9, 0, 0, 0, 14, 0, 0, 0, 0, 0, 110]","[1, 0, 0, 1, 0, 0, 0, 1, 0, 0, 0, 0, 0, 3]","[0, 0, 0, 0, 0, 0, 0, 0, 0, 0, 0, 0, 0, 0]","[0, 0, 0, 0, 0, 0, 0, 0, 0, 0, 0, 0, 0, 0]"
https://github.com/JFrogDev/build-info,2013-04-04,2013-06-23,2013-07-24,-0.5256909580952395,60.466530246422344,0.06258225691609993,2.62334705407617,5.0,6.0,"[1486, 0, 324, 134, 0, -271, 0, -271, 0, 0, 0, 2, 0, 9]","[4, 0, 4, 3, 0, 8, 0, 1, 0, 0, 0, 1, 0, 1]","[0, 0, 0, 0, 0, 0, 0, 0, 0, 0, 0, 0, 0, 0]","[0, 0, 0, 0, 0, 0, 0, 0, 0, 0, 0, 0, 0, 0]"
https://github.com/JFrogDev/build-info,2013-06-23,2013-07-24,2013-08-27,60.466530246422344,25.90712601519518,2.5909600534085633,1.8568247314645008,6.0,7.0,"[723, 60, 0, 0, 0, 0, 0, 2, 0, 0, 0, 0, 15, 0]","[8, 6, 0, 0, 0, 0, 0, 2, 7, 0, 0, 0, 2, 0]","[30, 0, 98, 0, 6, 42, 0, 0, 3, 0, 0, 0, 0, 45]","[1, 0, 4, 1, 5, 24, 0, 0, 3, 0, 0, 0, 0, 5]"
https://github.com/JFrogDev/build-info,2016-05-04,2016-07-12,2016-08-31,17.249996602547938,5.819761551436434,0.4493696593941059,0.5599770564956019,6.0,7.0,"[5, 0, 0, 0, 0, 13, 0, 0, 6, -9, 0, 0, 0, 48]","[11, 0, 0, 0, 0, 1, 0, 0, 2, 1, 0, 0, 0, 1]","[0, 0, 0, 0, 0, 0, 0, 0, 0, 0, 0, 20, 0, 0]","[0, 0, 0, 0, 0, 0, 0, 0, 0, 0, 0, 3, 0, 0]"
https://github.com/JFrogDev/build-info,2017-02-01,2017-02-15,2017-03-02,13.698136951642656,18.024111926287226,0.2140333898694165,0.3961343280502687,9.0,10.0,"[37, 0, 0, 0, 0, 0, 0, 0, 0, 0, 0, 0, 0, 0]","[1, 0, 0, 0, 0, 0, 0, 0, 0, 0, 0, 0, 0, 0]","[0, 0, 0, 0, 0, 0, 0, 0, 192, 0, 0, 0, 0, 0]","[0, 0, 0, 0, 0, 0, 0, 0, 2, 0, 0, 0, 0, 0]"
https://github.com/JFrogDev/build-info,2017-03-30,2017-04-18,2017-05-03,4.203200927233908,0.2641117522851857,0.6830201506755101,1.1885028852833355,8.0,9.0,"[1, 3, 0, 0, 0, 0, 0, 0, 0, 0, 0, 0, 0, 0]","[1, 1, 7, 0, 0, 0, 0, 0, 0, 8, 0, 0, 0, 0]","[0, 0, 0, 0, 0, 0, 0, 0, 0, 4, 0, 69, 0, 0]","[0, 0, 0, 0, 0, 0, 0, 0, 0, 2, 0, 1, 0, 0]"
https://github.com/JFrogDev/build-info,2017-07-23,2017-10-02,2017-10-26,6.976663217150964,-1.4503826679271181,0.692017201701209,0.124318514393753,8.0,9.0,"[6, 0, 0, 0, -28, 0, 0, 0, 0, 0, 0, 0, 0, 0]","[1, 0, 0, 0, 1, 0, 0, 0, 0, 0, 0, 0, 0, 0]","[0, 0, 0, 0, 0, 0, 0, 179, 2, -3, 0, 0, 0, 0]","[0, 0, 0, 0, 0, 0, 0, 4, 8, 12, 0, 0, 0, 0]"
https://github.com/JFrogDev/build-info,2018-06-04,2018-10-03,2018-12-27,0.6341164727690591,25.586148536563986,0.13176446187409022,0.3656849260643078,6.0,7.0,"[-1, 0, 0, 0, 0, 0, 24, 88, 0, 0, 0, 0, 0, 0]","[1, 0, 0, 0, 0, 9, 2, 11, 0, 0, 0, 0, 0, 0]","[0, 0, 0, 0, 0, 0, 0, 0, 0, 0, 0, 0, 0, 0]","[0, 0, 0, 0, 0, 0, 0, 0, 0, 0, 0, 0, 0, 0]"
https://github.com/plone/plone.api,2013-05-27,2013-09-04,2013-09-30,6.482598283325809,1.7394533338403757,0.06992016638409963,0.23192711117871675,10.0,11.0,"[10, 0, 0, 0, 0, 0, 0, 0, 0, 0, 0, 0, 0, 0]","[1, 0, 0, 0, 0, 0, 0, 0, 0, 0, 0, 0, 0, 0]","[0, 0, 0, 0, 0, 0, 0, 0, 0, 0, 0, 0, 0, 0]","[0, 0, 0, 0, 0, 0, 0, 0, 0, 0, 0, 0, 0, 0]"
https://github.com/plone/plone.api,2013-10-14,2013-11-25,2013-12-16,5.472738859231846,4.368497444180585,0.189532081704999,0.28490200722916864,11.0,12.0,"[76, 0, 0, 0, 0, 0, 0, 16, 0, 0, 0, 0, 0, 0]","[4, 0, 0, 0, 0, 0, 0, 1, 0, 0, 0, 0, 0, 0]","[0, 0, 0, 0, 0, 0, 0, 0, 0, 0, 0, 0, 0, 0]","[0, 0, 0, 0, 0, 0, 0, 0, 0, 0, 0, 0, 0, 0]"
https://github.com/plone/plone.api,2016-02-05,2016-04-22,2016-05-13,1.3121973877852744,0.18780261163006798,0.16889669347731254,0.18780261163006798,12.0,13.0,"[2, 2, 0, 0, 0, 0, 0, 0, 0, 0, 0, 0, 0, 0]","[2, 1, 0, 0, 0, 0, 0, 0, 0, 0, 0, 0, 0, 0]","[0, 0, 0, 0, 0, 0, 0, 0, 0, 0, 0, 0, 0, 0]","[0, 0, 0, 0, 0, 0, 0, 0, 0, 0, 0, 0, 0, 0]"
https://github.com/plone/plone.api,2017-05-11,2017-07-20,2017-10-22,1.5140151041125092,15.905497451108246,0.11426529087641578,0.5415089252379978,11.0,12.0,"[217, 0, 0, -5, 0, 384, 214, 33, 0, 0, 0, 153, 414, 0]","[5, 0, 0, 1, 0, 3, 13, 1, 0, 0, 0, 3, 3, 0]","[0, 0, 0, 0, 0, 0, 0, 0, 0, 0, 0, 0, 0, 0]","[0, 0, 0, 0, 0, 0, 0, 0, 0, 0, 0, 0, 0, 0]"
https://github.com/plone/plone.app.multilingual,2012-05-23,2012-07-03,2012-09-18,21.41791128769035,38.722048476253285,0.4132854618510056,0.4547891599559949,5.0,6.0,"[42, 0, 0, 0, 0, 7, 45, 0, 0, 34, 0, 407, 0, 196]","[3, 0, 0, 0, 0, 2, 4, 0, 0, 1, 0, 2, 0, 4]","[1, 0, 0, 0, 59, 0, 0, 0, 0, 0, 0, 0, -6, 0]","[1, 0, 0, 0, 1, 0, 0, 0, 0, 0, 0, 0, 1, 0]"
https://github.com/plone/plone.app.multilingual,2012-07-03,2012-09-18,2012-10-13,34.66792796464556,211.2536147720006,0.4417951839572522,2.3272003146773095,6.0,7.0,"[1120, 966, 0, 0, 0, 0, 0, 0, 0, 0, 685, 222, 376, 129]","[11, 2, 0, 0, 0, 0, 0, 0, 0, 0, 3, 7, 6, 7]","[0, 0, 68, 0, 0, 0, 0, 0, 0, 0, 0, 0, 416, 0]","[0, 0, 4, 0, 0, 0, 0, 0, 0, 0, 0, 0, 1, 0]"
https://github.com/plone/plone.app.multilingual,2012-10-18,2013-01-07,2013-01-25,21.502299005993848,4.215772062052522,0.11102736147673244,0.33726176496420174,7.0,8.0,"[27, 0, 0, 0, 0, 0, 0, 25, 0, 0, 0, 0, 0, 0]","[3, 0, 0, 0, 0, 0, 0, 1, 0, 0, 0, 0, 0, 0]","[0, 0, 0, 0, 0, 0, 0, 0, 0, 0, 0, 87, 0, 0]","[0, 0, 0, 0, 0, 0, 0, 0, 0, 0, 0, 1, 0, 0]"
https://github.com/plone/plone.app.multilingual,2013-05-21,2013-06-18,2013-07-05,5.081266804610117,51.47433806792842,0.2147014142793007,1.353039743499833,10.0,11.0,"[6, 11, 0, 0, 0, 0, 858, 0, 0, 0, 0, 0, 0, 0]","[5, 6, 0, 0, 0, 0, 11, 0, 0, 0, 0, 0, 0, 0]","[13, 0, 0, 0, 0, 13, 0, 0, 0, 0, 0, 0, 0, 0]","[1, 0, 0, 0, 0, 1, 0, 0, 0, 0, 0, 0, 0, 0]"
https://github.com/plone/plone.app.multilingual,2014-06-25,2014-09-29,2014-10-27,-2.09207848619213,-22.912404929430934,0.16653361084116458,1.1632451733403397,10.0,11.0,"[92, 0, 0, 11, 0, -241, -284, 0, 7, 0, -234, 0, 0, 0]","[19, 0, 0, 2, 0, 2, 7, 0, 1, 0, 1, 0, 0, 0]","[0, 0, 0, 0, 0, 0, 0, 0, 0, 0, 0, 0, 0, 0]","[0, 0, 0, 0, 0, 0, 0, 0, 0, 0, 0, 0, 0, 0]"
https://github.com/plone/plone.app.multilingual,2014-09-29,2014-10-27,2015-03-18,-22.87715507569335,1.7017463609749703,1.1279953196027537,0.5719562458048655,11.0,12.0,"[-1, 0, 0, 0, 0, 0, 0, 0, 0, 0, -100, 0, 0, 0]","[1, 0, 0, 0, 0, 0, 0, 0, 0, 0, 2, 0, 0, 0]","[0, 0, 0, 0, 0, 0, 0, 0, 0, 0, 0, 0, 0, 0]","[0, 0, 0, 0, 0, 0, 0, 0, 0, 0, 0, 0, 0, 0]"
https://github.com/plone/plone.app.multilingual,2015-03-26,2015-05-28,2015-06-18,0.3669739002001625,0.6665483749026022,0.15955386965224458,0.3332741874513011,13.0,14.0,"[2, 2, 0, 0, 0, 0, 0, 6, 0, 0, 0, 0, 0, 0]","[1, 1, 0, 0, 0, 0, 0, 2, 0, 0, 0, 0, 0, 0]","[0, 0, 0, 0, 0, 0, 0, 0, 0, 0, 0, 0, 0, 0]","[0, 0, 0, 0, 0, 0, 0, 0, 0, 0, 0, 0, 0, 0]"
https://github.com/plone/plone.app.multilingual,2016-05-20,2016-07-09,2016-08-28,7.169759480845147,1.0233000744106424,0.42175055769677333,0.1574307806785604,12.0,13.0,"[1, 0, 0, 0, 0, 0, 0, 0, 5, 0, 5, 0, 0, 0]","[1, 0, 0, 0, 0, 0, 0, 0, 1, 0, 1, 0, 0, 0]","[0, 0, 0, 0, 0, 0, 0, 0, 0, 0, 1, 0, 0, 0]","[0, 0, 0, 0, 0, 0, 0, 0, 0, 0, 1, 0, 0, 0]"
https://github.com/plone/plone.app.multilingual,2016-07-09,2016-08-28,2016-10-15,0.39357695169640095,1.579922967206204,0.13775193309374034,0.12473076056891085,13.0,14.0,"[64, 0, 0, 0, 0, 0, 0, 0, 0, 0, 0, 0, 0, 0]","[2, 0, 0, 0, 0, 0, 0, 0, 0, 0, 0, 0, 0, 0]","[8, 0, 0, 0, 0, 0, 0, 0, 0, 0, 0, 0, 0, 0]","[3, 0, 0, 0, 0, 0, 0, 0, 0, 0, 0, 0, 0, 0]"
https://github.com/plone/plone.app.multilingual,2019-05-08,2019-06-30,2019-07-29,1.2413474227194616,-6.999620071707474,0.13165805998539745,0.586175079896685,7.0,8.0,"[4, 2, 84, 0, -241, 0, -73, 0, 0, 0, 0, 2, 0, 0]","[3, 1, 1, 0, 7, 0, 1, 0, 0, 0, 0, 1, 0, 0]","[0, 0, 0, 0, 0, 42, 0, 0, 0, 0, 0, 0, 0, 0]","[0, 0, 0, 0, 0, 1, 0, 0, 0, 0, 0, 0, 0, 0]"
https://github.com/plone/plone.app.multilingual,2019-12-05,2020-07-24,2020-09-26,2.537736219769584,0.4690936592906877,0.1292565137403863,0.20327391902596464,7.0,8.0,"[5, 0, 0, 0, 0, 0, 0, 0, 0, 0, 0, 0, 0, 0]","[3, 0, 0, 0, 0, 0, 0, 0, 0, 0, 0, 0, 0, 0]","[0, 0, 0, 0, 0, 0, 0, 0, 8, 0, 0, 0, 0, 0]","[0, 0, 0, 0, 0, 0, 0, 0, 1, 0, 0, 0, 0, 0]"
https://github.com/thoughtbot/flutie,2011-01-17,2011-04-23,2011-06-29,1.4710025080602422,-0.6701725470228257,0.11475906091250117,0.25317629554195636,5.0,6.0,"[4, 0, 0, 0, 0, 0, 0, 0, 0, 0, 0, 0, 0, 0]","[1, 0, 0, 0, 0, 0, 0, 0, 0, 0, 0, 0, 0, 0]","[0, 0, 0, 0, 0, 0, 0, 0, 0, 0, 0, 0, 102, 1]","[0, 0, 0, 0, 0, 0, 0, 0, 0, 0, 0, 0, 5, 2]"
https://github.com/rails/sprockets-rails,2013-10-15,2014-01-08,2014-01-30,2.6372591342568974,6.117945466074826,0.1530552176131235,0.36525047558655677,5.0,6.0,"[113, 0, 0, 0, 0, 0, 0, 0, 0, 0, 0, 0, 0, 0]","[5, 0, 0, 0, 0, 0, 0, 0, 0, 0, 0, 0, 0, 0]","[0, 0, 0, 0, 0, 0, 0, 0, 0, 0, 0, 109, 0, 10]","[0, 0, 0, 0, 0, 0, 0, 0, 0, 0, 0, 1, 0, 2]"
https://github.com/rails/sprockets-rails,2014-01-08,2014-01-30,2014-02-14,5.204819277108434,3.3996608208764356,0.31959416613823716,0.47595251492270096,6.0,7.0,"[20, 0, 0, 0, 20, 10, 0, 0, 0, 0, 0, 0, 0, 0]","[1, 0, 0, 0, 1, 4, 0, 0, 0, 0, 0, 0, 0, 0]","[0, 0, 0, 0, 0, 0, 0, 0, 0, 0, 0, 0, 1, 0]","[0, 0, 0, 0, 0, 0, 0, 0, 0, 0, 0, 0, 2, 0]"
https://github.com/rails/sprockets-rails,2014-01-30,2014-02-14,2014-03-26,3.3996608208764356,0.7384139938568057,0.40795929850517226,0.1230689989761343,7.0,8.0,"[1, 0, 0, 0, 0, 0, 0, 0, 0, 0, 0, 0, 0, 0]","[2, 0, 0, 0, 0, 0, 0, 0, 0, 0, 0, 0, 0, 0]","[0, 0, 0, 0, 30, 0, 0, 0, 0, 0, 0, 0, 0, 0]","[0, 0, 0, 0, 5, 0, 0, 0, 0, 0, 0, 0, 0, 0]"
https://github.com/rails/sprockets-rails,2014-12-24,2015-01-28,2015-03-29,1.7303368056729727,10.735704183401612,0.7375206056966769,0.5650370622842954,7.0,8.0,"[34, 0, 0, 0, 0, 76, 0, 19, 83, 0, 0, 146, 0, 251]","[2, 0, 0, 0, 0, 10, 0, 2, 6, 0, 0, 1, 0, 6]","[0, 0, 0, 0, 0, -2, 28, 28, 1, 0, 0, 0, 0, 0]","[0, 0, 0, 0, 0, 1, 13, 6, 5, 0, 0, 0, 0, 0]"
https://github.com/rails/sprockets-rails,2015-05-18,2015-06-17,2015-07-28,0.33398222781608095,6.398709625097432,0.06679644556321619,0.14597816635203267,5.0,6.0,"[2, 0, 0, 0, 0, 0, 0, 0, 0, 0, 0, 0, 0, 0]","[1, 0, 0, 0, 0, 0, 0, 0, 0, 2, 0, 0, 0, 0]","[0, 0, 0, 0, 0, 0, 0, 0, 2, 0, 0, 0, 0, 0]","[0, 0, 0, 0, 0, 0, 0, 0, 1, 0, 0, 0, 0, 0]"
https://github.com/rails/sprockets-rails,2016-06-09,2017-05-29,2017-08-15,0.7631659373603291,0.0,0.07631659373603292,0.0385391348410283,5.0,6.0,"[0, 0, 0, 0, 0, 0, 0, 0, 0, 0, 0, 0, 0, 0]","[1, 1, 0, 0, 0, 0, 0, 0, 0, 0, 0, 0, 0, 0]","[0, 0, 0, 0, 0, 0, 0, 0, 0, 0, 0, 0, 0, 0]","[0, 0, 0, 0, 0, 0, 0, 0, 0, 0, 0, 0, 0, 0]"
